REGION,SETTLEMENTDATE,TOTALDEMAND,RRP,PERIODTYPE
QLD1,2024-09-01 00:05:00,5753.36,96.75,TRADE
QLD1,2024-09-01 00:10:00,5772.24,96.75,TRADE
QLD1,2024-09-01 00:15:00,5734.08,96.75,TRADE
QLD1,2024-09-01 00:20:00,5690.55,77.95,TRADE
QLD1,2024-09-01 00:25:00,5653.29,77.75,TRADE
QLD1,2024-09-01 00:30:00,5604.53,77.75,TRADE
QLD1,2024-09-01 00:35:00,5622.46,77.75,TRADE
QLD1,2024-09-01 00:40:00,5638.59,77.95,TRADE
QLD1,2024-09-01 00:45:00,5624.61,77.75,TRADE
QLD1,2024-09-01 00:50:00,5583.34,57.18,TRADE
QLD1,2024-09-01 00:55:00,5550.8,55.75,TRADE
QLD1,2024-09-01 01:00:00,5529.41,55.75,TRADE
QLD1,2024-09-01 01:05:00,5533.85,153.07,TRADE
QLD1,2024-09-01 01:10:00,5533.89,96.75,TRADE
QLD1,2024-09-01 01:15:00,5477.7,77.75,TRADE
QLD1,2024-09-01 01:20:00,5475.86,77.75,TRADE
QLD1,2024-09-01 01:25:00,5503.94,77.95,TRADE
QLD1,2024-09-01 01:30:00,5500.9,77.95,TRADE
QLD1,2024-09-01 01:35:00,5537.92,96.75,TRADE
QLD1,2024-09-01 01:40:00,5442.71,56.87,TRADE
QLD1,2024-09-01 01:45:00,5482.41,77.75,TRADE
QLD1,2024-09-01 01:50:00,5399.72,46.63,TRADE
QLD1,2024-09-01 01:55:00,5413.35,46.63,TRADE
QLD1,2024-09-01 02:00:00,5444.54,55.75,TRADE
QLD1,2024-09-01 02:05:00,5400.51,46.63,TRADE
QLD1,2024-09-01 02:10:00,5426.16,59.16,TRADE
QLD1,2024-09-01 02:15:00,5429.4,57.13,TRADE
QLD1,2024-09-01 02:20:00,5399.38,56.36,TRADE
QLD1,2024-09-01 02:25:00,5379.86,55.75,TRADE
QLD1,2024-09-01 02:30:00,5426.25,77.95,TRADE
QLD1,2024-09-01 02:35:00,5383.54,77.75,TRADE
QLD1,2024-09-01 02:40:00,5334.61,57.01,TRADE
QLD1,2024-09-01 02:45:00,5311.91,55.75,TRADE
QLD1,2024-09-01 02:50:00,5300.35,55.75,TRADE
QLD1,2024-09-01 02:55:00,5307.32,55.75,TRADE
QLD1,2024-09-01 03:00:00,5360.16,77.95,TRADE
QLD1,2024-09-01 03:05:00,5415.55,96.75,TRADE
QLD1,2024-09-01 03:10:00,5378.72,96.75,TRADE
QLD1,2024-09-01 03:15:00,5361.33,77.95,TRADE
QLD1,2024-09-01 03:20:00,5307.64,55.75,TRADE
QLD1,2024-09-01 03:25:00,5294.36,46.63,TRADE
QLD1,2024-09-01 03:30:00,5302.49,46.63,TRADE
QLD1,2024-09-01 03:35:00,5346.59,56.59,TRADE
QLD1,2024-09-01 03:40:00,5279.76,46.63,TRADE
QLD1,2024-09-01 03:45:00,5266.15,44.75,TRADE
QLD1,2024-09-01 03:50:00,5298.76,46.63,TRADE
QLD1,2024-09-01 03:55:00,5314.3,46.63,TRADE
QLD1,2024-09-01 04:00:00,5334.32,46.63,TRADE
QLD1,2024-09-01 04:05:00,5257.55,44.75,TRADE
QLD1,2024-09-01 04:10:00,5288.99,44.75,TRADE
QLD1,2024-09-01 04:15:00,5305.66,44.75,TRADE
QLD1,2024-09-01 04:20:00,5278.52,44.75,TRADE
QLD1,2024-09-01 04:25:00,5248.11,44.75,TRADE
QLD1,2024-09-01 04:30:00,5276.28,44.75,TRADE
QLD1,2024-09-01 04:35:00,5284.85,46.63,TRADE
QLD1,2024-09-01 04:40:00,5334.93,46.63,TRADE
QLD1,2024-09-01 04:45:00,5335.08,46.63,TRADE
QLD1,2024-09-01 04:50:00,5316.74,46.63,TRADE
QLD1,2024-09-01 04:55:00,5325,46.63,TRADE
QLD1,2024-09-01 05:00:00,5302.58,46.63,TRADE
QLD1,2024-09-01 05:05:00,5291.26,46.63,TRADE
QLD1,2024-09-01 05:10:00,5267.84,46.63,TRADE
QLD1,2024-09-01 05:15:00,5332.1,46.63,TRADE
QLD1,2024-09-01 05:20:00,5380.79,56.93,TRADE
QLD1,2024-09-01 05:25:00,5418.22,77.75,TRADE
QLD1,2024-09-01 05:30:00,5350.59,55.75,TRADE
QLD1,2024-09-01 05:35:00,5414.36,77.75,TRADE
QLD1,2024-09-01 05:40:00,5374.86,55.75,TRADE
QLD1,2024-09-01 05:45:00,5449.63,85.01,TRADE
QLD1,2024-09-01 05:50:00,5420.99,46.63,TRADE
QLD1,2024-09-01 05:55:00,5418.89,55.24,TRADE
QLD1,2024-09-01 06:00:00,5423.52,55.75,TRADE
QLD1,2024-09-01 06:05:00,5440.49,86.83,TRADE
QLD1,2024-09-01 06:10:00,5406.02,86.01,TRADE
QLD1,2024-09-01 06:15:00,5464.1,77.75,TRADE
QLD1,2024-09-01 06:20:00,5442.93,77.95,TRADE
QLD1,2024-09-01 06:25:00,5498.27,77.95,TRADE
QLD1,2024-09-01 06:30:00,5455.45,77.75,TRADE
QLD1,2024-09-01 06:35:00,5403.3,55.75,TRADE
QLD1,2024-09-01 06:40:00,5314.13,46.63,TRADE
QLD1,2024-09-01 06:45:00,5347.07,46.63,TRADE
QLD1,2024-09-01 06:50:00,5224.69,-18.89,TRADE
QLD1,2024-09-01 06:55:00,5177.76,0,TRADE
QLD1,2024-09-01 07:00:00,5178.01,46.63,TRADE
QLD1,2024-09-01 07:05:00,5122.67,19.58,TRADE
QLD1,2024-09-01 07:10:00,5090.15,-18.89,TRADE
QLD1,2024-09-01 07:15:00,5138.35,0,TRADE
QLD1,2024-09-01 07:20:00,5025.81,-35.64,TRADE
QLD1,2024-09-01 07:25:00,5030.59,-41.48,TRADE
QLD1,2024-09-01 07:30:00,5046.42,-40,TRADE
QLD1,2024-09-01 07:35:00,4935.87,-36.56,TRADE
QLD1,2024-09-01 07:40:00,4846.63,-41,TRADE
QLD1,2024-09-01 07:45:00,4822.34,-45.01,TRADE
QLD1,2024-09-01 07:50:00,4777.27,-44.33,TRADE
QLD1,2024-09-01 07:55:00,4741.18,-45.01,TRADE
QLD1,2024-09-01 08:00:00,4736.67,-44.18,TRADE
QLD1,2024-09-01 08:05:00,4697.02,-45.11,TRADE
QLD1,2024-09-01 08:10:00,4708.21,-45.11,TRADE
QLD1,2024-09-01 08:15:00,4631.18,-45.13,TRADE
QLD1,2024-09-01 08:20:00,4585.25,-45.97,TRADE
QLD1,2024-09-01 08:25:00,4540.07,-46.1,TRADE
QLD1,2024-09-01 08:30:00,4494.89,-46.1,TRADE
QLD1,2024-09-01 08:35:00,4464.6,-46.1,TRADE
QLD1,2024-09-01 08:40:00,4415.4,-46.74,TRADE
QLD1,2024-09-01 08:45:00,4383.12,-46.1,TRADE
QLD1,2024-09-01 08:50:00,4290.66,-46.74,TRADE
QLD1,2024-09-01 08:55:00,4268.52,-46.74,TRADE
QLD1,2024-09-01 09:00:00,4250.74,-46.74,TRADE
QLD1,2024-09-01 09:05:00,4145.04,-47.1,TRADE
QLD1,2024-09-01 09:10:00,4080.23,-47.1,TRADE
QLD1,2024-09-01 09:15:00,4110.42,-47.1,TRADE
QLD1,2024-09-01 09:20:00,4076.46,-47.1,TRADE
QLD1,2024-09-01 09:25:00,4032.92,-47.1,TRADE
QLD1,2024-09-01 09:30:00,4009.72,-47.1,TRADE
QLD1,2024-09-01 09:35:00,3934.52,-47.75,TRADE
QLD1,2024-09-01 09:40:00,3943.07,-47.75,TRADE
QLD1,2024-09-01 09:45:00,3842.54,-48.01,TRADE
QLD1,2024-09-01 09:50:00,3844.83,-48.01,TRADE
QLD1,2024-09-01 09:55:00,3826.38,-48.99,TRADE
QLD1,2024-09-01 10:00:00,3738.5,-50.42,TRADE
QLD1,2024-09-01 10:05:00,3765.01,-48.01,TRADE
QLD1,2024-09-01 10:10:00,3842.45,-48.01,TRADE
QLD1,2024-09-01 10:15:00,3810.67,-48.99,TRADE
QLD1,2024-09-01 10:20:00,3752.16,-48.99,TRADE
QLD1,2024-09-01 10:25:00,3829.91,-48.01,TRADE
QLD1,2024-09-01 10:30:00,3828.55,-50.42,TRADE
QLD1,2024-09-01 10:35:00,3784.5,-51.44,TRADE
QLD1,2024-09-01 10:40:00,3812.76,-48.36,TRADE
QLD1,2024-09-01 10:45:00,3848.92,-48.36,TRADE
QLD1,2024-09-01 10:50:00,3751.73,-51.63,TRADE
QLD1,2024-09-01 10:55:00,3875.68,-48.4,TRADE
QLD1,2024-09-01 11:00:00,3811.39,-48.45,TRADE
QLD1,2024-09-01 11:05:00,3749.03,-50.42,TRADE
QLD1,2024-09-01 11:10:00,3796.29,-48.99,TRADE
QLD1,2024-09-01 11:15:00,3838.77,-50.42,TRADE
QLD1,2024-09-01 11:20:00,3835.76,-50.42,TRADE
QLD1,2024-09-01 11:25:00,3944.14,-49.39,TRADE
QLD1,2024-09-01 11:30:00,3882.84,-50.42,TRADE
QLD1,2024-09-01 11:35:00,3918.01,-50.42,TRADE
QLD1,2024-09-01 11:40:00,3976,-50.42,TRADE
QLD1,2024-09-01 11:45:00,3947.92,-50.42,TRADE
QLD1,2024-09-01 11:50:00,3902.15,-50.42,TRADE
QLD1,2024-09-01 11:55:00,3928.22,-49.68,TRADE
QLD1,2024-09-01 12:00:00,3929.45,-49.7,TRADE
QLD1,2024-09-01 12:05:00,3905.75,-50.42,TRADE
QLD1,2024-09-01 12:10:00,3965.9,-50,TRADE
QLD1,2024-09-01 12:15:00,4003.1,-48.4,TRADE
QLD1,2024-09-01 12:20:00,3977.29,-48.99,TRADE
QLD1,2024-09-01 12:25:00,4017.07,-48.99,TRADE
QLD1,2024-09-01 12:30:00,3969.85,-50.42,TRADE
QLD1,2024-09-01 12:35:00,3979.98,-48.36,TRADE
QLD1,2024-09-01 12:40:00,3957.33,-50.01,TRADE
QLD1,2024-09-01 12:45:00,4041.47,-48.01,TRADE
QLD1,2024-09-01 12:50:00,4015.31,-48.99,TRADE
QLD1,2024-09-01 12:55:00,4093.66,-48.4,TRADE
QLD1,2024-09-01 13:00:00,4068,-48.99,TRADE
QLD1,2024-09-01 13:05:00,4127.97,-48.72,TRADE
QLD1,2024-09-01 13:10:00,4129.39,-48.4,TRADE
QLD1,2024-09-01 13:15:00,4259.42,-47.75,TRADE
QLD1,2024-09-01 13:20:00,4274.38,-47.75,TRADE
QLD1,2024-09-01 13:25:00,4367.08,-47.75,TRADE
QLD1,2024-09-01 13:30:00,4341.24,-47.75,TRADE
QLD1,2024-09-01 13:35:00,4400.4,-47.1,TRADE
QLD1,2024-09-01 13:40:00,4402.07,-47.1,TRADE
QLD1,2024-09-01 13:45:00,4512.77,-46.74,TRADE
QLD1,2024-09-01 13:50:00,4610.61,-46.1,TRADE
QLD1,2024-09-01 13:55:00,4660.05,-45.5,TRADE
QLD1,2024-09-01 14:00:00,4657.25,-45.5,TRADE
QLD1,2024-09-01 14:05:00,4764.32,-45.5,TRADE
QLD1,2024-09-01 14:10:00,4824.48,-45.11,TRADE
QLD1,2024-09-01 14:15:00,4871.11,-45.06,TRADE
QLD1,2024-09-01 14:20:00,4914.03,-45.01,TRADE
QLD1,2024-09-01 14:25:00,5034.94,-41.6,TRADE
QLD1,2024-09-01 14:30:00,5075.06,-41.48,TRADE
QLD1,2024-09-01 14:35:00,5121.97,-41,TRADE
QLD1,2024-09-01 14:40:00,5198.89,-41,TRADE
QLD1,2024-09-01 14:45:00,5315.11,-41,TRADE
QLD1,2024-09-01 14:50:00,5356.64,-41,TRADE
QLD1,2024-09-01 14:55:00,5438.1,-36.56,TRADE
QLD1,2024-09-01 15:00:00,5512.07,-35.64,TRADE
QLD1,2024-09-01 15:05:00,5627.48,-35.1,TRADE
QLD1,2024-09-01 15:10:00,5727.42,-35.1,TRADE
QLD1,2024-09-01 15:15:00,5807.62,-35.1,TRADE
QLD1,2024-09-01 15:20:00,5915.18,-35.1,TRADE
QLD1,2024-09-01 15:25:00,5972.75,-35.1,TRADE
QLD1,2024-09-01 15:30:00,6125.41,-25.82,TRADE
QLD1,2024-09-01 15:35:00,6129.23,-35.1,TRADE
QLD1,2024-09-01 15:40:00,6258.39,-34.89,TRADE
QLD1,2024-09-01 15:45:00,6415.01,-13.01,TRADE
QLD1,2024-09-01 15:50:00,6518.96,-35.1,TRADE
QLD1,2024-09-01 15:55:00,6577.42,-25.82,TRADE
QLD1,2024-09-01 16:00:00,6643.98,-12.88,TRADE
QLD1,2024-09-01 16:05:00,6692.65,-34.89,TRADE
QLD1,2024-09-01 16:10:00,6763.78,-25.82,TRADE
QLD1,2024-09-01 16:15:00,6828.02,-25.82,TRADE
QLD1,2024-09-01 16:20:00,6878.94,34.75,TRADE
QLD1,2024-09-01 16:25:00,6974.14,77.95,TRADE
QLD1,2024-09-01 16:30:00,7038.37,44.75,TRADE
QLD1,2024-09-01 16:35:00,7142.75,73.46,TRADE
QLD1,2024-09-01 16:40:00,7212.08,77.95,TRADE
QLD1,2024-09-01 16:45:00,7327.95,93.83,TRADE
QLD1,2024-09-01 16:50:00,7360.77,112.75,TRADE
QLD1,2024-09-01 16:55:00,7429.21,115.63,TRADE
QLD1,2024-09-01 17:00:00,7497.58,112.95,TRADE
QLD1,2024-09-01 17:05:00,7523.17,147.73,TRADE
QLD1,2024-09-01 17:10:00,7522.8,147.73,TRADE
QLD1,2024-09-01 17:15:00,7656.12,690,TRADE
QLD1,2024-09-01 17:20:00,7499.15,147.73,TRADE
QLD1,2024-09-01 17:25:00,7553.03,147.73,TRADE
QLD1,2024-09-01 17:30:00,7614.3,150,TRADE
QLD1,2024-09-01 17:35:00,7678.32,147.73,TRADE
QLD1,2024-09-01 17:40:00,7635.79,137,TRADE
QLD1,2024-09-01 17:45:00,7703.22,147.73,TRADE
QLD1,2024-09-01 17:50:00,7744.32,147.73,TRADE
QLD1,2024-09-01 17:55:00,7748.44,177.73,TRADE
QLD1,2024-09-01 18:00:00,7802.01,177.73,TRADE
QLD1,2024-09-01 18:05:00,7763.03,155.06,TRADE
QLD1,2024-09-01 18:10:00,7804.66,180.95,TRADE
QLD1,2024-09-01 18:15:00,7770.48,155.13,TRADE
QLD1,2024-09-01 18:20:00,7808.42,147.73,TRADE
QLD1,2024-09-01 18:25:00,7761.22,147.73,TRADE
QLD1,2024-09-01 18:30:00,7756.91,147.73,TRADE
QLD1,2024-09-01 18:35:00,7748.15,144.61,TRADE
QLD1,2024-09-01 18:40:00,7784.31,147.73,TRADE
QLD1,2024-09-01 18:45:00,7742.19,137,TRADE
QLD1,2024-09-01 18:50:00,7647.4,112.95,TRADE
QLD1,2024-09-01 18:55:00,7646.11,112.75,TRADE
QLD1,2024-09-01 19:00:00,7616.46,110.83,TRADE
QLD1,2024-09-01 19:05:00,7597.69,103.06,TRADE
QLD1,2024-09-01 19:10:00,7543.97,103.06,TRADE
QLD1,2024-09-01 19:15:00,7465.95,96.95,TRADE
QLD1,2024-09-01 19:20:00,7458.42,96.95,TRADE
QLD1,2024-09-01 19:25:00,7387.95,96.75,TRADE
QLD1,2024-09-01 19:30:00,7307.12,77.95,TRADE
QLD1,2024-09-01 19:35:00,7280.6,112.75,TRADE
QLD1,2024-09-01 19:40:00,7286.56,110.83,TRADE
QLD1,2024-09-01 19:45:00,7310.31,112.75,TRADE
QLD1,2024-09-01 19:50:00,7200,99.22,TRADE
QLD1,2024-09-01 19:55:00,7129.05,96.95,TRADE
QLD1,2024-09-01 20:00:00,7093.66,96.75,TRADE
QLD1,2024-09-01 20:05:00,7018.23,96.75,TRADE
QLD1,2024-09-01 20:10:00,7062.06,96.95,TRADE
QLD1,2024-09-01 20:15:00,7038.18,96.75,TRADE
QLD1,2024-09-01 20:20:00,6976.23,93.83,TRADE
QLD1,2024-09-01 20:25:00,6973.23,93.83,TRADE
QLD1,2024-09-01 20:30:00,6991.02,93.83,TRADE
QLD1,2024-09-01 20:35:00,6904.24,93.45,TRADE
QLD1,2024-09-01 20:40:00,6772.6,85.01,TRADE
QLD1,2024-09-01 20:45:00,6805.3,93.02,TRADE
QLD1,2024-09-01 20:50:00,6810.23,85.01,TRADE
QLD1,2024-09-01 20:55:00,6738.37,85.01,TRADE
QLD1,2024-09-01 21:00:00,6692.07,77.95,TRADE
QLD1,2024-09-01 21:05:00,6666.59,85.01,TRADE
QLD1,2024-09-01 21:10:00,6688.41,85.01,TRADE
QLD1,2024-09-01 21:15:00,6721.66,85.01,TRADE
QLD1,2024-09-01 21:20:00,6574.77,77.75,TRADE
QLD1,2024-09-01 21:25:00,6548.61,77.95,TRADE
QLD1,2024-09-01 21:30:00,6510.8,77.95,TRADE
QLD1,2024-09-01 21:35:00,6499.33,77.75,TRADE
QLD1,2024-09-01 21:40:00,6380.03,46.63,TRADE
QLD1,2024-09-01 21:45:00,6418.97,77.75,TRADE
QLD1,2024-09-01 21:50:00,6371.01,77.75,TRADE
QLD1,2024-09-01 21:55:00,6310.14,57.8,TRADE
QLD1,2024-09-01 22:00:00,6317.33,55.75,TRADE
QLD1,2024-09-01 22:05:00,6228.02,77.75,TRADE
QLD1,2024-09-01 22:10:00,6250.38,85.01,TRADE
QLD1,2024-09-01 22:15:00,6247.31,77.95,TRADE
QLD1,2024-09-01 22:20:00,6277.3,85.01,TRADE
QLD1,2024-09-01 22:25:00,6204.99,77.75,TRADE
QLD1,2024-09-01 22:30:00,6122.21,57.58,TRADE
QLD1,2024-09-01 22:35:00,6102.07,55.75,TRADE
QLD1,2024-09-01 22:40:00,6051.11,57.81,TRADE
QLD1,2024-09-01 22:45:00,6034.76,77.75,TRADE
QLD1,2024-09-01 22:50:00,6079.26,85.01,TRADE
QLD1,2024-09-01 22:55:00,6021.93,85.01,TRADE
QLD1,2024-09-01 23:00:00,5867.86,55.75,TRADE
QLD1,2024-09-01 23:05:00,5965.14,85.01,TRADE
QLD1,2024-09-01 23:10:00,5940.8,77.95,TRADE
QLD1,2024-09-01 23:15:00,5906.55,77.75,TRADE
QLD1,2024-09-01 23:20:00,5899.07,77.75,TRADE
QLD1,2024-09-01 23:25:00,5886.7,77.12,TRADE
QLD1,2024-09-01 23:30:00,5821.11,46.63,TRADE
QLD1,2024-09-01 23:35:00,5806.43,85.01,TRADE
QLD1,2024-09-01 23:40:00,5771.87,77.75,TRADE
QLD1,2024-09-01 23:45:00,5766.95,77.75,TRADE
QLD1,2024-09-01 23:50:00,5756.64,55.75,TRADE
QLD1,2024-09-01 23:55:00,5756.03,77.75,TRADE
QLD1,2024-09-02 00:00:00,5696.29,46.63,TRADE
QLD1,2024-09-02 00:05:00,5676.59,46.63,TRADE
QLD1,2024-09-02 00:10:00,5631.3,46.02,TRADE
QLD1,2024-09-02 00:15:00,5586.21,46.63,TRADE
QLD1,2024-09-02 00:20:00,5601.19,46.02,TRADE
QLD1,2024-09-02 00:25:00,5562.06,46.02,TRADE
QLD1,2024-09-02 00:30:00,5577.97,46.63,TRADE
QLD1,2024-09-02 00:35:00,5577.01,46.63,TRADE
QLD1,2024-09-02 00:40:00,5551.67,46.63,TRADE
QLD1,2024-09-02 00:45:00,5556.36,44.75,TRADE
QLD1,2024-09-02 00:50:00,5512.35,44.75,TRADE
QLD1,2024-09-02 00:55:00,5485.45,44.75,TRADE
QLD1,2024-09-02 01:00:00,5487.67,44.75,TRADE
QLD1,2024-09-02 01:05:00,5488.72,45.65,TRADE
QLD1,2024-09-02 01:10:00,5502.08,46.02,TRADE
QLD1,2024-09-02 01:15:00,5475.52,44.75,TRADE
QLD1,2024-09-02 01:20:00,5443.95,44.75,TRADE
QLD1,2024-09-02 01:25:00,5408.87,44.75,TRADE
QLD1,2024-09-02 01:30:00,5418.61,44.75,TRADE
QLD1,2024-09-02 01:35:00,5368.93,43.53,TRADE
QLD1,2024-09-02 01:40:00,5395.8,44.75,TRADE
QLD1,2024-09-02 01:45:00,5362.32,43.81,TRADE
QLD1,2024-09-02 01:50:00,5424.67,44.75,TRADE
QLD1,2024-09-02 01:55:00,5398.5,44.75,TRADE
QLD1,2024-09-02 02:00:00,5412.48,44.75,TRADE
QLD1,2024-09-02 02:05:00,5417.76,44.75,TRADE
QLD1,2024-09-02 02:10:00,5421.31,44.75,TRADE
QLD1,2024-09-02 02:15:00,5404.39,44.75,TRADE
QLD1,2024-09-02 02:20:00,5397.89,44.75,TRADE
QLD1,2024-09-02 02:25:00,5368.16,44.75,TRADE
QLD1,2024-09-02 02:30:00,5288.06,37.54,TRADE
QLD1,2024-09-02 02:35:00,5344.62,41.67,TRADE
QLD1,2024-09-02 02:40:00,5381.17,43.53,TRADE
QLD1,2024-09-02 02:45:00,5367.79,43.82,TRADE
QLD1,2024-09-02 02:50:00,5344.31,42.88,TRADE
QLD1,2024-09-02 02:55:00,5346.12,42.88,TRADE
QLD1,2024-09-02 03:00:00,5361.14,44.75,TRADE
QLD1,2024-09-02 03:05:00,5282.36,41.24,TRADE
QLD1,2024-09-02 03:10:00,5343.17,44.75,TRADE
QLD1,2024-09-02 03:15:00,5331.62,44.75,TRADE
QLD1,2024-09-02 03:20:00,5330.31,44.75,TRADE
QLD1,2024-09-02 03:25:00,5336.61,35.94,TRADE
QLD1,2024-09-02 03:30:00,5308.46,43.81,TRADE
QLD1,2024-09-02 03:35:00,5349.06,44.75,TRADE
QLD1,2024-09-02 03:40:00,5357.67,44.75,TRADE
QLD1,2024-09-02 03:45:00,5323.09,44.75,TRADE
QLD1,2024-09-02 03:50:00,5356.24,44.75,TRADE
QLD1,2024-09-02 03:55:00,5365.9,44.75,TRADE
QLD1,2024-09-02 04:00:00,5365.33,44.75,TRADE
QLD1,2024-09-02 04:05:00,5352.86,44.75,TRADE
QLD1,2024-09-02 04:10:00,5406.95,55.75,TRADE
QLD1,2024-09-02 04:15:00,5434.62,46.63,TRADE
QLD1,2024-09-02 04:20:00,5430.44,52.94,TRADE
QLD1,2024-09-02 04:25:00,5481.81,77.75,TRADE
QLD1,2024-09-02 04:30:00,5473.61,77.75,TRADE
QLD1,2024-09-02 04:35:00,5515.06,77.95,TRADE
QLD1,2024-09-02 04:40:00,5540.99,77.95,TRADE
QLD1,2024-09-02 04:45:00,5587.88,96.75,TRADE
QLD1,2024-09-02 04:50:00,5589.63,96.75,TRADE
QLD1,2024-09-02 04:55:00,5602.1,96.75,TRADE
QLD1,2024-09-02 05:00:00,5603.54,96.75,TRADE
QLD1,2024-09-02 05:05:00,5613.93,77.95,TRADE
QLD1,2024-09-02 05:10:00,5660.93,77.75,TRADE
QLD1,2024-09-02 05:15:00,5696.72,77.95,TRADE
QLD1,2024-09-02 05:20:00,5738.75,88.22,TRADE
QLD1,2024-09-02 05:25:00,5767,86.15,TRADE
QLD1,2024-09-02 05:30:00,5797.42,96.75,TRADE
QLD1,2024-09-02 05:35:00,5848.75,86.83,TRADE
QLD1,2024-09-02 05:40:00,5868.54,93.83,TRADE
QLD1,2024-09-02 05:45:00,5937.95,93.83,TRADE
QLD1,2024-09-02 05:50:00,5912.06,93.83,TRADE
QLD1,2024-09-02 05:55:00,5902.01,86.83,TRADE
QLD1,2024-09-02 06:00:00,5957.28,93.07,TRADE
QLD1,2024-09-02 06:05:00,6027.89,85.16,TRADE
QLD1,2024-09-02 06:10:00,6077.64,86.83,TRADE
QLD1,2024-09-02 06:15:00,6165.73,93.83,TRADE
QLD1,2024-09-02 06:20:00,6193.33,96.95,TRADE
QLD1,2024-09-02 06:25:00,6174.6,93.04,TRADE
QLD1,2024-09-02 06:30:00,6141.56,77.95,TRADE
QLD1,2024-09-02 06:35:00,6223.37,85.16,TRADE
QLD1,2024-09-02 06:40:00,6143.64,55.75,TRADE
QLD1,2024-09-02 06:45:00,6109.61,49.75,TRADE
QLD1,2024-09-02 06:50:00,6131.74,46.63,TRADE
QLD1,2024-09-02 06:55:00,6088.41,44.75,TRADE
QLD1,2024-09-02 07:00:00,6025.01,0.06,TRADE
QLD1,2024-09-02 07:05:00,6005.9,1.46,TRADE
QLD1,2024-09-02 07:10:00,5985.67,-5,TRADE
QLD1,2024-09-02 07:15:00,5898.9,0,TRADE
QLD1,2024-09-02 07:20:00,5951.77,-3.18,TRADE
QLD1,2024-09-02 07:25:00,5864.52,-18.89,TRADE
QLD1,2024-09-02 07:30:00,5828.54,-18.89,TRADE
QLD1,2024-09-02 07:35:00,5799.53,-18.89,TRADE
QLD1,2024-09-02 07:40:00,5763.77,-20.45,TRADE
QLD1,2024-09-02 07:45:00,5698.66,-18.89,TRADE
QLD1,2024-09-02 07:50:00,5620.49,-35.1,TRADE
QLD1,2024-09-02 07:55:00,5516.18,-35.1,TRADE
QLD1,2024-09-02 08:00:00,5506.29,-35.1,TRADE
QLD1,2024-09-02 08:05:00,5394.77,-35.1,TRADE
QLD1,2024-09-02 08:10:00,5373.94,-30.37,TRADE
QLD1,2024-09-02 08:15:00,5295.82,-35.1,TRADE
QLD1,2024-09-02 08:20:00,5237.16,-35.1,TRADE
QLD1,2024-09-02 08:25:00,5199.35,-35.64,TRADE
QLD1,2024-09-02 08:30:00,5137.55,-39.13,TRADE
QLD1,2024-09-02 08:35:00,5033.16,-36.56,TRADE
QLD1,2024-09-02 08:40:00,5015.86,-40,TRADE
QLD1,2024-09-02 08:45:00,4975.65,-40,TRADE
QLD1,2024-09-02 08:50:00,4950.91,-40,TRADE
QLD1,2024-09-02 08:55:00,4842.01,-45.01,TRADE
QLD1,2024-09-02 09:00:00,4848.52,-41.6,TRADE
QLD1,2024-09-02 09:05:00,4754.69,-45.06,TRADE
QLD1,2024-09-02 09:10:00,4754.04,-41.6,TRADE
QLD1,2024-09-02 09:15:00,4720.61,-45.06,TRADE
QLD1,2024-09-02 09:20:00,4727.99,-45.11,TRADE
QLD1,2024-09-02 09:25:00,4672.83,-45.11,TRADE
QLD1,2024-09-02 09:30:00,4643.76,-46.02,TRADE
QLD1,2024-09-02 09:35:00,4606.78,-46.02,TRADE
QLD1,2024-09-02 09:40:00,4575.28,-46.1,TRADE
QLD1,2024-09-02 09:45:00,4519.59,-46.74,TRADE
QLD1,2024-09-02 09:50:00,4532.68,-45.11,TRADE
QLD1,2024-09-02 09:55:00,4477.85,-45.11,TRADE
QLD1,2024-09-02 10:00:00,4423.73,-45.97,TRADE
QLD1,2024-09-02 10:05:00,4467.75,-45.97,TRADE
QLD1,2024-09-02 10:10:00,4481.79,-45.97,TRADE
QLD1,2024-09-02 10:15:00,4440.06,-45.97,TRADE
QLD1,2024-09-02 10:20:00,4431.8,-45.97,TRADE
QLD1,2024-09-02 10:25:00,4489.41,-45.97,TRADE
QLD1,2024-09-02 10:30:00,4426.29,-45.97,TRADE
QLD1,2024-09-02 10:35:00,4400.31,-46.02,TRADE
QLD1,2024-09-02 10:40:00,4446.38,-45.97,TRADE
QLD1,2024-09-02 10:45:00,4400.8,-45.97,TRADE
QLD1,2024-09-02 10:50:00,4357.71,-47.1,TRADE
QLD1,2024-09-02 10:55:00,4411.49,-45.97,TRADE
QLD1,2024-09-02 11:00:00,4402.67,-46.74,TRADE
QLD1,2024-09-02 11:05:00,4337.97,-45.97,TRADE
QLD1,2024-09-02 11:10:00,4419.74,-46.74,TRADE
QLD1,2024-09-02 11:15:00,4440.14,-46.74,TRADE
QLD1,2024-09-02 11:20:00,4414.78,-46.74,TRADE
QLD1,2024-09-02 11:25:00,4481.55,-46.74,TRADE
QLD1,2024-09-02 11:30:00,4463.43,-46.74,TRADE
QLD1,2024-09-02 11:35:00,4477.73,-46.74,TRADE
QLD1,2024-09-02 11:40:00,4532.56,-46.74,TRADE
QLD1,2024-09-02 11:45:00,4518.79,-46.74,TRADE
QLD1,2024-09-02 11:50:00,4534.99,-46.1,TRADE
QLD1,2024-09-02 11:55:00,4388.97,-47.1,TRADE
QLD1,2024-09-02 12:00:00,4322.74,-47.1,TRADE
QLD1,2024-09-02 12:05:00,4393.47,-46.74,TRADE
QLD1,2024-09-02 12:10:00,4399.85,-47.1,TRADE
QLD1,2024-09-02 12:15:00,4396.99,-47.1,TRADE
QLD1,2024-09-02 12:20:00,4241.53,-47.75,TRADE
QLD1,2024-09-02 12:25:00,4254.98,-47.75,TRADE
QLD1,2024-09-02 12:30:00,4213.47,-47.75,TRADE
QLD1,2024-09-02 12:35:00,4253.86,-47.75,TRADE
QLD1,2024-09-02 12:40:00,4276.09,-47.75,TRADE
QLD1,2024-09-02 12:45:00,4324.19,-47.75,TRADE
QLD1,2024-09-02 12:50:00,4352.43,-47.75,TRADE
QLD1,2024-09-02 12:55:00,4413.76,-47.45,TRADE
QLD1,2024-09-02 13:00:00,4467.09,-47.1,TRADE
QLD1,2024-09-02 13:05:00,4505.24,-46.74,TRADE
QLD1,2024-09-02 13:10:00,4627.38,-46.47,TRADE
QLD1,2024-09-02 13:15:00,4677.53,-46.1,TRADE
QLD1,2024-09-02 13:20:00,4734.83,-46.02,TRADE
QLD1,2024-09-02 13:25:00,4765.68,-45.97,TRADE
QLD1,2024-09-02 13:30:00,4796.59,-45.97,TRADE
QLD1,2024-09-02 13:35:00,4831.51,-45.97,TRADE
QLD1,2024-09-02 13:40:00,4875.94,-45.5,TRADE
QLD1,2024-09-02 13:45:00,4939.14,-45.11,TRADE
QLD1,2024-09-02 13:50:00,4962.99,-45.06,TRADE
QLD1,2024-09-02 13:55:00,5036.72,-45.01,TRADE
QLD1,2024-09-02 14:00:00,5078.83,-45.01,TRADE
QLD1,2024-09-02 14:05:00,5134.12,-45.5,TRADE
QLD1,2024-09-02 14:10:00,5201.09,-45.11,TRADE
QLD1,2024-09-02 14:15:00,5241.99,-45.06,TRADE
QLD1,2024-09-02 14:20:00,5309.59,-35.64,TRADE
QLD1,2024-09-02 14:25:00,5398.8,-45.01,TRADE
QLD1,2024-09-02 14:30:00,5447.84,-36.56,TRADE
QLD1,2024-09-02 14:35:00,5413.42,-41.6,TRADE
QLD1,2024-09-02 14:40:00,5519.41,-41.6,TRADE
QLD1,2024-09-02 14:45:00,5656.05,-35.64,TRADE
QLD1,2024-09-02 14:50:00,5695.09,-40,TRADE
QLD1,2024-09-02 14:55:00,5775.61,-35.1,TRADE
QLD1,2024-09-02 15:00:00,5837.61,-31.11,TRADE
QLD1,2024-09-02 15:05:00,5886.99,-35.1,TRADE
QLD1,2024-09-02 15:10:00,5914.51,-35.1,TRADE
QLD1,2024-09-02 15:15:00,6021.84,-35.1,TRADE
QLD1,2024-09-02 15:20:00,6218.57,-35.1,TRADE
QLD1,2024-09-02 15:25:00,6206.22,-34.89,TRADE
QLD1,2024-09-02 15:30:00,6391.42,-35.1,TRADE
QLD1,2024-09-02 15:35:00,6427.25,-35.1,TRADE
QLD1,2024-09-02 15:40:00,6533.59,-35.1,TRADE
QLD1,2024-09-02 15:45:00,6588.62,-35.1,TRADE
QLD1,2024-09-02 15:50:00,6647.94,-25.82,TRADE
QLD1,2024-09-02 15:55:00,6788.75,-25.82,TRADE
QLD1,2024-09-02 16:00:00,6882.77,-5,TRADE
QLD1,2024-09-02 16:05:00,7017.84,-21.82,TRADE
QLD1,2024-09-02 16:10:00,7062.84,-9.07,TRADE
QLD1,2024-09-02 16:15:00,7087.44,-30.45,TRADE
QLD1,2024-09-02 16:20:00,7194.61,44.94,TRADE
QLD1,2024-09-02 16:25:00,7318.88,77.95,TRADE
QLD1,2024-09-02 16:30:00,7337.13,77.95,TRADE
QLD1,2024-09-02 16:35:00,7487.39,77.95,TRADE
QLD1,2024-09-02 16:40:00,7493.2,44.75,TRADE
QLD1,2024-09-02 16:45:00,7551.07,44.94,TRADE
QLD1,2024-09-02 16:50:00,7636.14,66.29,TRADE
QLD1,2024-09-02 16:55:00,7742.3,78.39,TRADE
QLD1,2024-09-02 17:00:00,7814.03,115.63,TRADE
QLD1,2024-09-02 17:05:00,7800.7,115.63,TRADE
QLD1,2024-09-02 17:10:00,7810.05,115.63,TRADE
QLD1,2024-09-02 17:15:00,7845.5,116.1,TRADE
QLD1,2024-09-02 17:20:00,7854.33,110.83,TRADE
QLD1,2024-09-02 17:25:00,7960.82,144.6,TRADE
QLD1,2024-09-02 17:30:00,7953.3,147.73,TRADE
QLD1,2024-09-02 17:35:00,7997.83,144.6,TRADE
QLD1,2024-09-02 17:40:00,7874.79,112.95,TRADE
QLD1,2024-09-02 17:45:00,7949.52,115.63,TRADE
QLD1,2024-09-02 17:50:00,8011.11,129.95,TRADE
QLD1,2024-09-02 17:55:00,7959.74,115.63,TRADE
QLD1,2024-09-02 18:00:00,7957.82,115.63,TRADE
QLD1,2024-09-02 18:05:00,7978.09,115.63,TRADE
QLD1,2024-09-02 18:10:00,8043.15,115.63,TRADE
QLD1,2024-09-02 18:15:00,7907.78,110.83,TRADE
QLD1,2024-09-02 18:20:00,7896.11,110.83,TRADE
QLD1,2024-09-02 18:25:00,7849.15,110.83,TRADE
QLD1,2024-09-02 18:30:00,7893.7,110.83,TRADE
QLD1,2024-09-02 18:35:00,7839.38,110.83,TRADE
QLD1,2024-09-02 18:40:00,7833.27,103.06,TRADE
QLD1,2024-09-02 18:45:00,7800.73,102.16,TRADE
QLD1,2024-09-02 18:50:00,7772.27,99.22,TRADE
QLD1,2024-09-02 18:55:00,7708.33,96.95,TRADE
QLD1,2024-09-02 19:00:00,7725.45,96.95,TRADE
QLD1,2024-09-02 19:05:00,7628.02,56.12,TRADE
QLD1,2024-09-02 19:10:00,7595.52,77.95,TRADE
QLD1,2024-09-02 19:15:00,7553.67,57.66,TRADE
QLD1,2024-09-02 19:20:00,7571.43,85.01,TRADE
QLD1,2024-09-02 19:25:00,7543.63,78.52,TRADE
QLD1,2024-09-02 19:30:00,7535.43,93.83,TRADE
QLD1,2024-09-02 19:35:00,7544.86,93.83,TRADE
QLD1,2024-09-02 19:40:00,7403.54,77.95,TRADE
QLD1,2024-09-02 19:45:00,7393.26,77.95,TRADE
QLD1,2024-09-02 19:50:00,7354.61,77.95,TRADE
QLD1,2024-09-02 19:55:00,7370.3,77.95,TRADE
QLD1,2024-09-02 20:00:00,7338.79,55.75,TRADE
QLD1,2024-09-02 20:05:00,7211.66,55.75,TRADE
QLD1,2024-09-02 20:10:00,7138.06,55.75,TRADE
QLD1,2024-09-02 20:15:00,7131.53,55.75,TRADE
QLD1,2024-09-02 20:20:00,7115.58,55.75,TRADE
QLD1,2024-09-02 20:25:00,7006.82,46.63,TRADE
QLD1,2024-09-02 20:30:00,7034.8,46.63,TRADE
QLD1,2024-09-02 20:35:00,6960.16,45.09,TRADE
QLD1,2024-09-02 20:40:00,7035.73,52.09,TRADE
QLD1,2024-09-02 20:45:00,6888.66,44.75,TRADE
QLD1,2024-09-02 20:50:00,6738.71,43.53,TRADE
QLD1,2024-09-02 20:55:00,6692.33,44.75,TRADE
QLD1,2024-09-02 21:00:00,6684.17,44.75,TRADE
QLD1,2024-09-02 21:05:00,6632.2,44.75,TRADE
QLD1,2024-09-02 21:10:00,6593.3,44.75,TRADE
QLD1,2024-09-02 21:15:00,6565.37,44.75,TRADE
QLD1,2024-09-02 21:20:00,6511.18,44.75,TRADE
QLD1,2024-09-02 21:25:00,6424.32,37.02,TRADE
QLD1,2024-09-02 21:30:00,6410.74,34.75,TRADE
QLD1,2024-09-02 21:35:00,6377.24,43.53,TRADE
QLD1,2024-09-02 21:40:00,6331.98,43.53,TRADE
QLD1,2024-09-02 21:45:00,6264.16,39.59,TRADE
QLD1,2024-09-02 21:50:00,6239.54,43.3,TRADE
QLD1,2024-09-02 21:55:00,6220.93,41.78,TRADE
QLD1,2024-09-02 22:00:00,6152.8,34.75,TRADE
QLD1,2024-09-02 22:05:00,6049.97,37.92,TRADE
QLD1,2024-09-02 22:10:00,6101.13,59.94,TRADE
QLD1,2024-09-02 22:15:00,6080.09,55.75,TRADE
QLD1,2024-09-02 22:20:00,6095.71,55.75,TRADE
QLD1,2024-09-02 22:25:00,6042.09,54.33,TRADE
QLD1,2024-09-02 22:30:00,6005.82,44.75,TRADE
QLD1,2024-09-02 22:35:00,5984.23,44.75,TRADE
QLD1,2024-09-02 22:40:00,5932.09,44.75,TRADE
QLD1,2024-09-02 22:45:00,5885.54,44.75,TRADE
QLD1,2024-09-02 22:50:00,5844.12,44.75,TRADE
QLD1,2024-09-02 22:55:00,5737.35,43.53,TRADE
QLD1,2024-09-02 23:00:00,5735.53,44.75,TRADE
QLD1,2024-09-02 23:05:00,5679.05,44.75,TRADE
QLD1,2024-09-02 23:10:00,5679.02,52.09,TRADE
QLD1,2024-09-02 23:15:00,5648.02,44.75,TRADE
QLD1,2024-09-02 23:20:00,5604.13,35.63,TRADE
QLD1,2024-09-02 23:25:00,5595.27,43.53,TRADE
QLD1,2024-09-02 23:30:00,5516.25,34.75,TRADE
QLD1,2024-09-02 23:35:00,5486.39,39.27,TRADE
QLD1,2024-09-02 23:40:00,5519.68,35.56,TRADE
QLD1,2024-09-02 23:45:00,5482.48,38.48,TRADE
QLD1,2024-09-02 23:50:00,5423.94,34.75,TRADE
QLD1,2024-09-02 23:55:00,5411.85,34.75,TRADE
QLD1,2024-09-03 00:00:00,5382.74,34.75,TRADE
QLD1,2024-09-03 00:05:00,5332.91,43.81,TRADE
QLD1,2024-09-03 00:10:00,5397.3,47.86,TRADE
QLD1,2024-09-03 00:15:00,5332.92,44.75,TRADE
QLD1,2024-09-03 00:20:00,5294.43,34.75,TRADE
QLD1,2024-09-03 00:25:00,5276.23,34.75,TRADE
QLD1,2024-09-03 00:30:00,5327.04,41.16,TRADE
QLD1,2024-09-03 00:35:00,5215.73,34.75,TRADE
QLD1,2024-09-03 00:40:00,5219.57,34.75,TRADE
QLD1,2024-09-03 00:45:00,5202.86,34.75,TRADE
QLD1,2024-09-03 00:50:00,5156.01,34.75,TRADE
QLD1,2024-09-03 00:55:00,5163.61,34.75,TRADE
QLD1,2024-09-03 01:00:00,5170.17,34.75,TRADE
QLD1,2024-09-03 01:05:00,5101.11,34.75,TRADE
QLD1,2024-09-03 01:10:00,5100.9,34.75,TRADE
QLD1,2024-09-03 01:15:00,5082.54,34.75,TRADE
QLD1,2024-09-03 01:20:00,5098.29,34.75,TRADE
QLD1,2024-09-03 01:25:00,5111.85,34.75,TRADE
QLD1,2024-09-03 01:30:00,5105.06,34.75,TRADE
QLD1,2024-09-03 01:35:00,5086.17,34.75,TRADE
QLD1,2024-09-03 01:40:00,5137.22,34.75,TRADE
QLD1,2024-09-03 01:45:00,5070.24,34.75,TRADE
QLD1,2024-09-03 01:50:00,5121.7,34.75,TRADE
QLD1,2024-09-03 01:55:00,5058.4,31.71,TRADE
QLD1,2024-09-03 02:00:00,5008.04,24.51,TRADE
QLD1,2024-09-03 02:05:00,5064.91,34.75,TRADE
QLD1,2024-09-03 02:10:00,5033.7,34.75,TRADE
QLD1,2024-09-03 02:15:00,5018.22,28.46,TRADE
QLD1,2024-09-03 02:20:00,5060.32,37.54,TRADE
QLD1,2024-09-03 02:25:00,5048.82,34.75,TRADE
QLD1,2024-09-03 02:30:00,5025.01,34.75,TRADE
QLD1,2024-09-03 02:35:00,4973.98,34.75,TRADE
QLD1,2024-09-03 02:40:00,5017.44,34.75,TRADE
QLD1,2024-09-03 02:45:00,5000.42,34.75,TRADE
QLD1,2024-09-03 02:50:00,4964.65,34.75,TRADE
QLD1,2024-09-03 02:55:00,4996.08,35.34,TRADE
QLD1,2024-09-03 03:00:00,4967.68,34.75,TRADE
QLD1,2024-09-03 03:05:00,4960.37,34.75,TRADE
QLD1,2024-09-03 03:10:00,4971.19,34.75,TRADE
QLD1,2024-09-03 03:15:00,4979.1,34.75,TRADE
QLD1,2024-09-03 03:20:00,4955.36,34.75,TRADE
QLD1,2024-09-03 03:25:00,5001.68,34.75,TRADE
QLD1,2024-09-03 03:30:00,4982.59,34.75,TRADE
QLD1,2024-09-03 03:35:00,4934.35,31.71,TRADE
QLD1,2024-09-03 03:40:00,4968.25,34.75,TRADE
QLD1,2024-09-03 03:45:00,4929.74,33.03,TRADE
QLD1,2024-09-03 03:50:00,4928.43,33.6,TRADE
QLD1,2024-09-03 03:55:00,4967.46,34.75,TRADE
QLD1,2024-09-03 04:00:00,5039.26,34.75,TRADE
QLD1,2024-09-03 04:05:00,5008.09,29.85,TRADE
QLD1,2024-09-03 04:10:00,5013.85,33.61,TRADE
QLD1,2024-09-03 04:15:00,4992.16,29.85,TRADE
QLD1,2024-09-03 04:20:00,5035.25,34.75,TRADE
QLD1,2024-09-03 04:25:00,5025.76,33.61,TRADE
QLD1,2024-09-03 04:30:00,5061.74,34.75,TRADE
QLD1,2024-09-03 04:35:00,5093.71,34.75,TRADE
QLD1,2024-09-03 04:40:00,5120.22,34.75,TRADE
QLD1,2024-09-03 04:45:00,5128.08,34.75,TRADE
QLD1,2024-09-03 04:50:00,5177.07,34.75,TRADE
QLD1,2024-09-03 04:55:00,5196.84,34.75,TRADE
QLD1,2024-09-03 05:00:00,5167.87,34.75,TRADE
QLD1,2024-09-03 05:05:00,5238.27,34.75,TRADE
QLD1,2024-09-03 05:10:00,5228.16,30.02,TRADE
QLD1,2024-09-03 05:15:00,5279.09,34.75,TRADE
QLD1,2024-09-03 05:20:00,5287.57,34.75,TRADE
QLD1,2024-09-03 05:25:00,5387.42,41.72,TRADE
QLD1,2024-09-03 05:30:00,5389.82,36.88,TRADE
QLD1,2024-09-03 05:35:00,5442.23,34.82,TRADE
QLD1,2024-09-03 05:40:00,5393.81,34.75,TRADE
QLD1,2024-09-03 05:45:00,5509.26,39.58,TRADE
QLD1,2024-09-03 05:50:00,5572.83,44.75,TRADE
QLD1,2024-09-03 05:55:00,5550.22,44.75,TRADE
QLD1,2024-09-03 06:00:00,5616.01,49.4,TRADE
QLD1,2024-09-03 06:05:00,5675.49,50.07,TRADE
QLD1,2024-09-03 06:10:00,5689.89,55.75,TRADE
QLD1,2024-09-03 06:15:00,5799.75,67.36,TRADE
QLD1,2024-09-03 06:20:00,5857.58,77.95,TRADE
QLD1,2024-09-03 06:25:00,5911.35,77.33,TRADE
QLD1,2024-09-03 06:30:00,5900.58,55.75,TRADE
QLD1,2024-09-03 06:35:00,5922.53,56.26,TRADE
QLD1,2024-09-03 06:40:00,5749.21,38.66,TRADE
QLD1,2024-09-03 06:45:00,5781.82,41.03,TRADE
QLD1,2024-09-03 06:50:00,5726.58,33.3,TRADE
QLD1,2024-09-03 06:55:00,5682.68,-18.89,TRADE
QLD1,2024-09-03 07:00:00,5665.67,11.28,TRADE
QLD1,2024-09-03 07:05:00,5603.43,-18.89,TRADE
QLD1,2024-09-03 07:10:00,5667.44,-18.89,TRADE
QLD1,2024-09-03 07:15:00,5655.87,-18.89,TRADE
QLD1,2024-09-03 07:20:00,5624.14,-31.11,TRADE
QLD1,2024-09-03 07:25:00,5530.59,-45.01,TRADE
QLD1,2024-09-03 07:30:00,5476.54,-35.1,TRADE
QLD1,2024-09-03 07:35:00,5406.9,-35.1,TRADE
QLD1,2024-09-03 07:40:00,5330.75,-41.48,TRADE
QLD1,2024-09-03 07:45:00,5264.8,-45.06,TRADE
QLD1,2024-09-03 07:50:00,5163.19,-45.11,TRADE
QLD1,2024-09-03 07:55:00,5089.4,-45.01,TRADE
QLD1,2024-09-03 08:00:00,5060.15,-45.01,TRADE
QLD1,2024-09-03 08:05:00,4927.39,-45.11,TRADE
QLD1,2024-09-03 08:10:00,4979.93,-45.06,TRADE
QLD1,2024-09-03 08:15:00,4911.17,-45.11,TRADE
QLD1,2024-09-03 08:20:00,4842.89,-45.11,TRADE
QLD1,2024-09-03 08:25:00,4756.24,-45.11,TRADE
QLD1,2024-09-03 08:30:00,4657.84,-46.02,TRADE
QLD1,2024-09-03 08:35:00,4521.54,-45.46,TRADE
QLD1,2024-09-03 08:40:00,4517.4,-45.46,TRADE
QLD1,2024-09-03 08:45:00,4519.34,-45.06,TRADE
QLD1,2024-09-03 08:50:00,4374.15,-46.74,TRADE
QLD1,2024-09-03 08:55:00,4339.59,-46.74,TRADE
QLD1,2024-09-03 09:00:00,4396.15,-46.02,TRADE
QLD1,2024-09-03 09:05:00,4339.81,-46.1,TRADE
QLD1,2024-09-03 09:10:00,4319.83,-46.1,TRADE
QLD1,2024-09-03 09:15:00,4181.94,-46.74,TRADE
QLD1,2024-09-03 09:20:00,4072.97,-47.75,TRADE
QLD1,2024-09-03 09:25:00,3996.23,-48.01,TRADE
QLD1,2024-09-03 09:30:00,4012.76,-47.75,TRADE
QLD1,2024-09-03 09:35:00,3898.02,-48.4,TRADE
QLD1,2024-09-03 09:40:00,3799.61,-50.42,TRADE
QLD1,2024-09-03 09:45:00,3812.43,-48.01,TRADE
QLD1,2024-09-03 09:50:00,3813.92,-48.99,TRADE
QLD1,2024-09-03 09:55:00,3731.23,-50.42,TRADE
QLD1,2024-09-03 10:00:00,3701.66,-50.42,TRADE
QLD1,2024-09-03 10:05:00,3665.05,-50.42,TRADE
QLD1,2024-09-03 10:10:00,3765.42,-48.99,TRADE
QLD1,2024-09-03 10:15:00,3753.79,-48.4,TRADE
QLD1,2024-09-03 10:20:00,3670.94,-50.42,TRADE
QLD1,2024-09-03 10:25:00,3718.47,-50.42,TRADE
QLD1,2024-09-03 10:30:00,3698.48,-50.42,TRADE
QLD1,2024-09-03 10:35:00,3673.38,-50.42,TRADE
QLD1,2024-09-03 10:40:00,3644.18,-54.4,TRADE
QLD1,2024-09-03 10:45:00,3640.13,-51.85,TRADE
QLD1,2024-09-03 10:50:00,3584.63,-52.48,TRADE
QLD1,2024-09-03 10:55:00,3599.65,-52.48,TRADE
QLD1,2024-09-03 11:00:00,3566.36,-52.48,TRADE
QLD1,2024-09-03 11:05:00,3558.48,-52.48,TRADE
QLD1,2024-09-03 11:10:00,3558.12,-52.48,TRADE
QLD1,2024-09-03 11:15:00,3602,-52.48,TRADE
QLD1,2024-09-03 11:20:00,3541.22,-58.28,TRADE
QLD1,2024-09-03 11:25:00,3559.13,-52.48,TRADE
QLD1,2024-09-03 11:30:00,3583.86,-52.48,TRADE
QLD1,2024-09-03 11:35:00,3509.01,-58.28,TRADE
QLD1,2024-09-03 11:40:00,3526.15,-52.48,TRADE
QLD1,2024-09-03 11:45:00,3530.92,-52.48,TRADE
QLD1,2024-09-03 11:50:00,3555.81,-52.48,TRADE
QLD1,2024-09-03 11:55:00,3510.07,-52.48,TRADE
QLD1,2024-09-03 12:00:00,3482.77,-52.48,TRADE
QLD1,2024-09-03 12:05:00,3460.52,-52.48,TRADE
QLD1,2024-09-03 12:10:00,3518.33,-52.48,TRADE
QLD1,2024-09-03 12:15:00,3646.62,-50.42,TRADE
QLD1,2024-09-03 12:20:00,3474.17,-52.48,TRADE
QLD1,2024-09-03 12:25:00,3494.46,-52.48,TRADE
QLD1,2024-09-03 12:30:00,3457.15,-52.48,TRADE
QLD1,2024-09-03 12:35:00,3400.79,-78,TRADE
QLD1,2024-09-03 12:40:00,3359.68,-78,TRADE
QLD1,2024-09-03 12:45:00,3422.72,-52.48,TRADE
QLD1,2024-09-03 12:50:00,3437.71,-52.48,TRADE
QLD1,2024-09-03 12:55:00,3464.42,-52.48,TRADE
QLD1,2024-09-03 13:00:00,3442.94,-52.48,TRADE
QLD1,2024-09-03 13:05:00,3416.02,-88.29,TRADE
QLD1,2024-09-03 13:10:00,3487.41,-58.28,TRADE
QLD1,2024-09-03 13:15:00,3521.15,-58.28,TRADE
QLD1,2024-09-03 13:20:00,3508.44,-54.4,TRADE
QLD1,2024-09-03 13:25:00,3580.41,-52.48,TRADE
QLD1,2024-09-03 13:30:00,3672.93,-50.42,TRADE
QLD1,2024-09-03 13:35:00,3651.86,-50.42,TRADE
QLD1,2024-09-03 13:40:00,3656.84,-50.42,TRADE
QLD1,2024-09-03 13:45:00,3760.01,-50.42,TRADE
QLD1,2024-09-03 13:50:00,3714.1,-50.42,TRADE
QLD1,2024-09-03 13:55:00,3774.9,-50.42,TRADE
QLD1,2024-09-03 14:00:00,3827.35,-48.01,TRADE
QLD1,2024-09-03 14:05:00,3897.99,-48.99,TRADE
QLD1,2024-09-03 14:10:00,3925.64,-48.99,TRADE
QLD1,2024-09-03 14:15:00,3972.99,-41.06,TRADE
QLD1,2024-09-03 14:20:00,4011.5,-45.01,TRADE
QLD1,2024-09-03 14:25:00,4153.59,-43.57,TRADE
QLD1,2024-09-03 14:30:00,4154.15,-45.19,TRADE
QLD1,2024-09-03 14:35:00,4345.98,-43.79,TRADE
QLD1,2024-09-03 14:40:00,4359.7,-45.01,TRADE
QLD1,2024-09-03 14:45:00,4438,-45.01,TRADE
QLD1,2024-09-03 14:50:00,4499.12,-45.06,TRADE
QLD1,2024-09-03 14:55:00,4612.52,-41.6,TRADE
QLD1,2024-09-03 15:00:00,4627.21,-41.6,TRADE
QLD1,2024-09-03 15:05:00,4692.26,-40.32,TRADE
QLD1,2024-09-03 15:10:00,4860.2,-39.13,TRADE
QLD1,2024-09-03 15:15:00,4896.57,-35.64,TRADE
QLD1,2024-09-03 15:20:00,4942.5,-40.2,TRADE
QLD1,2024-09-03 15:25:00,5090.87,-39.13,TRADE
QLD1,2024-09-03 15:30:00,5159.71,-36.56,TRADE
QLD1,2024-09-03 15:35:00,5219.24,-35.64,TRADE
QLD1,2024-09-03 15:40:00,5334.46,-35.1,TRADE
QLD1,2024-09-03 15:45:00,5397.86,-35.1,TRADE
QLD1,2024-09-03 15:50:00,5441.61,-35.1,TRADE
QLD1,2024-09-03 15:55:00,5531.42,-35.1,TRADE
QLD1,2024-09-03 16:00:00,5601.05,-35.1,TRADE
QLD1,2024-09-03 16:05:00,5727.22,-35.1,TRADE
QLD1,2024-09-03 16:10:00,5789.09,-35.1,TRADE
QLD1,2024-09-03 16:15:00,5897.25,-34.89,TRADE
QLD1,2024-09-03 16:20:00,6005.29,-25.82,TRADE
QLD1,2024-09-03 16:25:00,6102.8,8.43,TRADE
QLD1,2024-09-03 16:30:00,6186.84,39.58,TRADE
QLD1,2024-09-03 16:35:00,6267.36,50.8,TRADE
QLD1,2024-09-03 16:40:00,6419.6,68.4,TRADE
QLD1,2024-09-03 16:45:00,6547.19,74.14,TRADE
QLD1,2024-09-03 16:50:00,6559,117.29,TRADE
QLD1,2024-09-03 16:55:00,6634.66,95.09,TRADE
QLD1,2024-09-03 17:00:00,6737.99,124.15,TRADE
QLD1,2024-09-03 17:05:00,6685.55,96.95,TRADE
QLD1,2024-09-03 17:10:00,6820.97,100.39,TRADE
QLD1,2024-09-03 17:15:00,6896.37,126.3,TRADE
QLD1,2024-09-03 17:20:00,6902.37,127.24,TRADE
QLD1,2024-09-03 17:25:00,7023.6,144.46,TRADE
QLD1,2024-09-03 17:30:00,7147.52,157.59,TRADE
QLD1,2024-09-03 17:35:00,7154.11,147.73,TRADE
QLD1,2024-09-03 17:40:00,7125.28,129.94,TRADE
QLD1,2024-09-03 17:45:00,7227.31,173.89,TRADE
QLD1,2024-09-03 17:50:00,7290.05,181.18,TRADE
QLD1,2024-09-03 17:55:00,7260.09,207.06,TRADE
QLD1,2024-09-03 18:00:00,7358.59,227.66,TRADE
QLD1,2024-09-03 18:05:00,7324.03,189.69,TRADE
QLD1,2024-09-03 18:10:00,7379.24,187.3,TRADE
QLD1,2024-09-03 18:15:00,7383.05,160.15,TRADE
QLD1,2024-09-03 18:20:00,7340.38,190.52,TRADE
QLD1,2024-09-03 18:25:00,7391.84,184.99,TRADE
QLD1,2024-09-03 18:30:00,7345.33,187.12,TRADE
QLD1,2024-09-03 18:35:00,7352.89,176.39,TRADE
QLD1,2024-09-03 18:40:00,7372.09,179.24,TRADE
QLD1,2024-09-03 18:45:00,7318.89,165.6,TRADE
QLD1,2024-09-03 18:50:00,7263.45,147.73,TRADE
QLD1,2024-09-03 18:55:00,7261.99,147.73,TRADE
QLD1,2024-09-03 19:00:00,7254.25,144.61,TRADE
QLD1,2024-09-03 19:05:00,7181.82,137.27,TRADE
QLD1,2024-09-03 19:10:00,7093.28,129.94,TRADE
QLD1,2024-09-03 19:15:00,7108.51,118.64,TRADE
QLD1,2024-09-03 19:20:00,7065.48,115.63,TRADE
QLD1,2024-09-03 19:25:00,6998.2,115.06,TRADE
QLD1,2024-09-03 19:30:00,7032.57,115.63,TRADE
QLD1,2024-09-03 19:35:00,6955.36,115.63,TRADE
QLD1,2024-09-03 19:40:00,6952.26,115.63,TRADE
QLD1,2024-09-03 19:45:00,6932.18,115.63,TRADE
QLD1,2024-09-03 19:50:00,6939.79,115.63,TRADE
QLD1,2024-09-03 19:55:00,6965.32,114.05,TRADE
QLD1,2024-09-03 20:00:00,6982.13,99.22,TRADE
QLD1,2024-09-03 20:05:00,6918.01,110.45,TRADE
QLD1,2024-09-03 20:10:00,6910.02,99.22,TRADE
QLD1,2024-09-03 20:15:00,6862.45,96.95,TRADE
QLD1,2024-09-03 20:20:00,6878.6,96.95,TRADE
QLD1,2024-09-03 20:25:00,6815.25,95.16,TRADE
QLD1,2024-09-03 20:30:00,6846.16,85.35,TRADE
QLD1,2024-09-03 20:35:00,6746.28,93.83,TRADE
QLD1,2024-09-03 20:40:00,6719.65,84.42,TRADE
QLD1,2024-09-03 20:45:00,6653.71,91.53,TRADE
QLD1,2024-09-03 20:50:00,6573.88,81.61,TRADE
QLD1,2024-09-03 20:55:00,6493.23,77.95,TRADE
QLD1,2024-09-03 21:00:00,6497.99,76.72,TRADE
QLD1,2024-09-03 21:05:00,6445.31,81.85,TRADE
QLD1,2024-09-03 21:10:00,6564.52,98.75,TRADE
QLD1,2024-09-03 21:15:00,6435.68,77.95,TRADE
QLD1,2024-09-03 21:20:00,6374.21,77.95,TRADE
QLD1,2024-09-03 21:25:00,6382.86,74.96,TRADE
QLD1,2024-09-03 21:30:00,6359.11,71.21,TRADE
QLD1,2024-09-03 21:35:00,6387.66,81.2,TRADE
QLD1,2024-09-03 21:40:00,6288.94,70.18,TRADE
QLD1,2024-09-03 21:45:00,6200.76,68.88,TRADE
QLD1,2024-09-03 21:50:00,6101.74,67.88,TRADE
QLD1,2024-09-03 21:55:00,6071.16,67.36,TRADE
QLD1,2024-09-03 22:00:00,6000.22,59.05,TRADE
QLD1,2024-09-03 22:05:00,5933.6,70.19,TRADE
QLD1,2024-09-03 22:10:00,5949.01,72.01,TRADE
QLD1,2024-09-03 22:15:00,5993.97,73.4,TRADE
QLD1,2024-09-03 22:20:00,5945.84,72.89,TRADE
QLD1,2024-09-03 22:25:00,5827.06,71.42,TRADE
QLD1,2024-09-03 22:30:00,5806.82,67.84,TRADE
QLD1,2024-09-03 22:35:00,5769.35,71.25,TRADE
QLD1,2024-09-03 22:40:00,5818.08,73.17,TRADE
QLD1,2024-09-03 22:45:00,5777.06,73.37,TRADE
QLD1,2024-09-03 22:50:00,5761.07,73.98,TRADE
QLD1,2024-09-03 22:55:00,5701.73,72.85,TRADE
QLD1,2024-09-03 23:00:00,5641.67,71.93,TRADE
QLD1,2024-09-03 23:05:00,5621.53,71.82,TRADE
QLD1,2024-09-03 23:10:00,5686.45,74.5,TRADE
QLD1,2024-09-03 23:15:00,5650.26,73.1,TRADE
QLD1,2024-09-03 23:20:00,5685.67,74.92,TRADE
QLD1,2024-09-03 23:25:00,5651.56,73.47,TRADE
QLD1,2024-09-03 23:30:00,5607.21,72.2,TRADE
QLD1,2024-09-03 23:35:00,5543.49,72.17,TRADE
QLD1,2024-09-03 23:40:00,5517.58,72.85,TRADE
QLD1,2024-09-03 23:45:00,5525.4,71.51,TRADE
QLD1,2024-09-03 23:50:00,5575.55,73.34,TRADE
QLD1,2024-09-03 23:55:00,5489.44,70.25,TRADE
QLD1,2024-09-04 00:00:00,5446.43,69.76,TRADE
QLD1,2024-09-04 00:05:00,5463.33,70.19,TRADE
QLD1,2024-09-04 00:10:00,5453.83,70.17,TRADE
QLD1,2024-09-04 00:15:00,5413.49,60.41,TRADE
QLD1,2024-09-04 00:20:00,5336.95,69.15,TRADE
QLD1,2024-09-04 00:25:00,5334.94,69.14,TRADE
QLD1,2024-09-04 00:30:00,5329.51,69.12,TRADE
QLD1,2024-09-04 00:35:00,5338.56,69.54,TRADE
QLD1,2024-09-04 00:40:00,5295.7,69.04,TRADE
QLD1,2024-09-04 00:45:00,5307.73,69.43,TRADE
QLD1,2024-09-04 00:50:00,5336.96,69.47,TRADE
QLD1,2024-09-04 00:55:00,5242.33,68.5,TRADE
QLD1,2024-09-04 01:00:00,5213.66,58.97,TRADE
QLD1,2024-09-04 01:05:00,5208.12,55.75,TRADE
QLD1,2024-09-04 01:10:00,5228.35,55.75,TRADE
QLD1,2024-09-04 01:15:00,5227.42,58.96,TRADE
QLD1,2024-09-04 01:20:00,5234.09,58.95,TRADE
QLD1,2024-09-04 01:25:00,5171.1,55.75,TRADE
QLD1,2024-09-04 01:30:00,5195.45,58.11,TRADE
QLD1,2024-09-04 01:35:00,5192.97,58.09,TRADE
QLD1,2024-09-04 01:40:00,5207.53,58.11,TRADE
QLD1,2024-09-04 01:45:00,5158.35,50.87,TRADE
QLD1,2024-09-04 01:50:00,5164.03,44.75,TRADE
QLD1,2024-09-04 01:55:00,5138.98,50.48,TRADE
QLD1,2024-09-04 02:00:00,5090.45,49.79,TRADE
QLD1,2024-09-04 02:05:00,5115.66,58.27,TRADE
QLD1,2024-09-04 02:10:00,5136.4,58.67,TRADE
QLD1,2024-09-04 02:15:00,5096.4,51.11,TRADE
QLD1,2024-09-04 02:20:00,5055.71,49.98,TRADE
QLD1,2024-09-04 02:25:00,5113.82,51.35,TRADE
QLD1,2024-09-04 02:30:00,5132.5,51.72,TRADE
QLD1,2024-09-04 02:35:00,5133.6,51.73,TRADE
QLD1,2024-09-04 02:40:00,5125.89,67.26,TRADE
QLD1,2024-09-04 02:45:00,5092.58,66.82,TRADE
QLD1,2024-09-04 02:50:00,5108.4,67.23,TRADE
QLD1,2024-09-04 02:55:00,5150.5,55.75,TRADE
QLD1,2024-09-04 03:00:00,5127.99,55.75,TRADE
QLD1,2024-09-04 03:05:00,5115.5,51.36,TRADE
QLD1,2024-09-04 03:10:00,5141.58,51.69,TRADE
QLD1,2024-09-04 03:15:00,5161.07,51.7,TRADE
QLD1,2024-09-04 03:20:00,5139.06,51.3,TRADE
QLD1,2024-09-04 03:25:00,5134.12,51.31,TRADE
QLD1,2024-09-04 03:30:00,5142.01,51.32,TRADE
QLD1,2024-09-04 03:35:00,5128.66,51.32,TRADE
QLD1,2024-09-04 03:40:00,5174.88,51.68,TRADE
QLD1,2024-09-04 03:45:00,5146.33,51.64,TRADE
QLD1,2024-09-04 03:50:00,5151.77,53.71,TRADE
QLD1,2024-09-04 03:55:00,5175.2,52.03,TRADE
QLD1,2024-09-04 04:00:00,5167.65,52.02,TRADE
QLD1,2024-09-04 04:05:00,5194.33,51.38,TRADE
QLD1,2024-09-04 04:10:00,5192.41,50.42,TRADE
QLD1,2024-09-04 04:15:00,5284.04,51.12,TRADE
QLD1,2024-09-04 04:20:00,5295.36,51.17,TRADE
QLD1,2024-09-04 04:25:00,5334.12,51.52,TRADE
QLD1,2024-09-04 04:30:00,5315.21,51.97,TRADE
QLD1,2024-09-04 04:35:00,5252.29,51.11,TRADE
QLD1,2024-09-04 04:40:00,5324.84,51.53,TRADE
QLD1,2024-09-04 04:45:00,5296.34,51.53,TRADE
QLD1,2024-09-04 04:50:00,5367.64,52.23,TRADE
QLD1,2024-09-04 04:55:00,5362.15,52.71,TRADE
QLD1,2024-09-04 05:00:00,5434.51,55.75,TRADE
QLD1,2024-09-04 05:05:00,5428.69,51.33,TRADE
QLD1,2024-09-04 05:10:00,5492.68,52.42,TRADE
QLD1,2024-09-04 05:15:00,5471.18,52.12,TRADE
QLD1,2024-09-04 05:20:00,5466.62,52.14,TRADE
QLD1,2024-09-04 05:25:00,5543.39,54.48,TRADE
QLD1,2024-09-04 05:30:00,5571.77,60.37,TRADE
QLD1,2024-09-04 05:35:00,5647.31,60.82,TRADE
QLD1,2024-09-04 05:40:00,5709.63,61.7,TRADE
QLD1,2024-09-04 05:45:00,5657.21,54.11,TRADE
QLD1,2024-09-04 05:50:00,5689.52,61.75,TRADE
QLD1,2024-09-04 05:55:00,5748.99,72.27,TRADE
QLD1,2024-09-04 06:00:00,5779.07,97.94,TRADE
QLD1,2024-09-04 06:05:00,5861.37,86.45,TRADE
QLD1,2024-09-04 06:10:00,5967.77,131.8,TRADE
QLD1,2024-09-04 06:15:00,6026.44,96.95,TRADE
QLD1,2024-09-04 06:20:00,6038.22,144.61,TRADE
QLD1,2024-09-04 06:25:00,6062.58,93.83,TRADE
QLD1,2024-09-04 06:30:00,6080.24,93.83,TRADE
QLD1,2024-09-04 06:35:00,6143.26,100.31,TRADE
QLD1,2024-09-04 06:40:00,6050.66,85.02,TRADE
QLD1,2024-09-04 06:45:00,6012.41,77.95,TRADE
QLD1,2024-09-04 06:50:00,5991.49,-18.89,TRADE
QLD1,2024-09-04 06:55:00,5955.04,37.63,TRADE
QLD1,2024-09-04 07:00:00,5952.89,44.75,TRADE
QLD1,2024-09-04 07:05:00,5880.1,44.75,TRADE
QLD1,2024-09-04 07:10:00,5879.26,44.75,TRADE
QLD1,2024-09-04 07:15:00,5960.99,37.67,TRADE
QLD1,2024-09-04 07:20:00,5909.19,-18.89,TRADE
QLD1,2024-09-04 07:25:00,5864.54,-18.89,TRADE
QLD1,2024-09-04 07:30:00,5836.17,-18.89,TRADE
QLD1,2024-09-04 07:35:00,5771.15,-34.89,TRADE
QLD1,2024-09-04 07:40:00,5603.23,-18.89,TRADE
QLD1,2024-09-04 07:45:00,5656.18,-31.11,TRADE
QLD1,2024-09-04 07:50:00,5579.9,-40,TRADE
QLD1,2024-09-04 07:55:00,5457.53,-45.01,TRADE
QLD1,2024-09-04 08:00:00,5415.6,-32.46,TRADE
QLD1,2024-09-04 08:05:00,5356.54,-40,TRADE
QLD1,2024-09-04 08:10:00,5345.76,-41.48,TRADE
QLD1,2024-09-04 08:15:00,5223.29,-45.11,TRADE
QLD1,2024-09-04 08:20:00,5225,-45.06,TRADE
QLD1,2024-09-04 08:25:00,5121.25,-45.45,TRADE
QLD1,2024-09-04 08:30:00,4968.88,-46.1,TRADE
QLD1,2024-09-04 08:35:00,4945.82,-43.44,TRADE
QLD1,2024-09-04 08:40:00,4879.28,-45.11,TRADE
QLD1,2024-09-04 08:45:00,4783.88,-45.11,TRADE
QLD1,2024-09-04 08:50:00,4663.59,-45.82,TRADE
QLD1,2024-09-04 08:55:00,4637.72,-45.89,TRADE
QLD1,2024-09-04 09:00:00,4609.96,-45.7,TRADE
QLD1,2024-09-04 09:05:00,4565.79,-45.87,TRADE
QLD1,2024-09-04 09:10:00,4546.07,-46.02,TRADE
QLD1,2024-09-04 09:15:00,4427.99,-46.74,TRADE
QLD1,2024-09-04 09:20:00,4355.36,-46.2,TRADE
QLD1,2024-09-04 09:25:00,4334.49,-46.74,TRADE
QLD1,2024-09-04 09:30:00,4308.68,-46.74,TRADE
QLD1,2024-09-04 09:35:00,4268.22,-46.74,TRADE
QLD1,2024-09-04 09:40:00,4168.74,-46.74,TRADE
QLD1,2024-09-04 09:45:00,4234.35,-46.02,TRADE
QLD1,2024-09-04 09:50:00,4279.18,-45.5,TRADE
QLD1,2024-09-04 09:55:00,4202.45,-46.74,TRADE
QLD1,2024-09-04 10:00:00,4221.62,-46.74,TRADE
QLD1,2024-09-04 10:05:00,4208.32,-46.74,TRADE
QLD1,2024-09-04 10:10:00,4197.36,-46.02,TRADE
QLD1,2024-09-04 10:15:00,4203.54,-47.75,TRADE
QLD1,2024-09-04 10:20:00,4121.54,-46.74,TRADE
QLD1,2024-09-04 10:25:00,4252.91,-46.74,TRADE
QLD1,2024-09-04 10:30:00,4350.12,-45.5,TRADE
QLD1,2024-09-04 10:35:00,4314.83,-45.46,TRADE
QLD1,2024-09-04 10:40:00,4356.98,-45.11,TRADE
QLD1,2024-09-04 10:45:00,4277.81,-45.46,TRADE
QLD1,2024-09-04 10:50:00,4301.06,-45.46,TRADE
QLD1,2024-09-04 10:55:00,4319.45,-45.5,TRADE
QLD1,2024-09-04 11:00:00,4262.07,-46.74,TRADE
QLD1,2024-09-04 11:05:00,4190.4,-46.74,TRADE
QLD1,2024-09-04 11:10:00,4306.12,-45.46,TRADE
QLD1,2024-09-04 11:15:00,4343.18,-45.46,TRADE
QLD1,2024-09-04 11:20:00,4390.09,-45.46,TRADE
QLD1,2024-09-04 11:25:00,4417.39,-45.46,TRADE
QLD1,2024-09-04 11:30:00,4493.04,-45.06,TRADE
QLD1,2024-09-04 11:35:00,4525.88,-45.01,TRADE
QLD1,2024-09-04 11:40:00,4510.9,-45.06,TRADE
QLD1,2024-09-04 11:45:00,4540.14,-45.06,TRADE
QLD1,2024-09-04 11:50:00,4572.05,-45.01,TRADE
QLD1,2024-09-04 11:55:00,4514.12,-45.06,TRADE
QLD1,2024-09-04 12:00:00,4510.67,-46.74,TRADE
QLD1,2024-09-04 12:05:00,4532.27,-45.5,TRADE
QLD1,2024-09-04 12:10:00,4566.93,-45.46,TRADE
QLD1,2024-09-04 12:15:00,4537.98,-45.5,TRADE
QLD1,2024-09-04 12:20:00,4487.46,-46.39,TRADE
QLD1,2024-09-04 12:25:00,4458.32,-46.35,TRADE
QLD1,2024-09-04 12:30:00,4449.92,-45.5,TRADE
QLD1,2024-09-04 12:35:00,4406.96,-45.5,TRADE
QLD1,2024-09-04 12:40:00,4441.65,-45.46,TRADE
QLD1,2024-09-04 12:45:00,4398.42,-45.5,TRADE
QLD1,2024-09-04 12:50:00,4451.31,-46.02,TRADE
QLD1,2024-09-04 12:55:00,4429.92,-45.46,TRADE
QLD1,2024-09-04 13:00:00,4516.92,-45.74,TRADE
QLD1,2024-09-04 13:05:00,4482.27,-45.46,TRADE
QLD1,2024-09-04 13:10:00,4401.14,-45.5,TRADE
QLD1,2024-09-04 13:15:00,4494.32,-45.46,TRADE
QLD1,2024-09-04 13:20:00,4464.91,-45.46,TRADE
QLD1,2024-09-04 13:25:00,4463.71,-45.46,TRADE
QLD1,2024-09-04 13:30:00,4458.59,-45.11,TRADE
QLD1,2024-09-04 13:35:00,4457.47,-45.11,TRADE
QLD1,2024-09-04 13:40:00,4471.45,-45.11,TRADE
QLD1,2024-09-04 13:45:00,4478.07,-45.11,TRADE
QLD1,2024-09-04 13:50:00,4440.43,-45.11,TRADE
QLD1,2024-09-04 13:55:00,4438.91,-45.11,TRADE
QLD1,2024-09-04 14:00:00,4497.45,-45.11,TRADE
QLD1,2024-09-04 14:05:00,4565.51,-42.33,TRADE
QLD1,2024-09-04 14:10:00,4564.7,-45.06,TRADE
QLD1,2024-09-04 14:15:00,4623.51,-43.56,TRADE
QLD1,2024-09-04 14:20:00,4597.69,-41.95,TRADE
QLD1,2024-09-04 14:25:00,4663.08,-43.07,TRADE
QLD1,2024-09-04 14:30:00,4663.4,-44.36,TRADE
QLD1,2024-09-04 14:35:00,4716.1,-41.48,TRADE
QLD1,2024-09-04 14:40:00,4734.05,-41.48,TRADE
QLD1,2024-09-04 14:45:00,4769.67,-45.01,TRADE
QLD1,2024-09-04 14:50:00,4891.62,-39.13,TRADE
QLD1,2024-09-04 14:55:00,4908.48,-40,TRADE
QLD1,2024-09-04 15:00:00,4970.24,-34.89,TRADE
QLD1,2024-09-04 15:05:00,4897.03,-39.13,TRADE
QLD1,2024-09-04 15:10:00,4964.17,-25.82,TRADE
QLD1,2024-09-04 15:15:00,5159.6,-18.89,TRADE
QLD1,2024-09-04 15:20:00,5240,-18.89,TRADE
QLD1,2024-09-04 15:25:00,5298.23,-18.89,TRADE
QLD1,2024-09-04 15:30:00,5406.83,-18.89,TRADE
QLD1,2024-09-04 15:35:00,5511.39,-10,TRADE
QLD1,2024-09-04 15:40:00,5529.32,-18.89,TRADE
QLD1,2024-09-04 15:45:00,5623.23,34.75,TRADE
QLD1,2024-09-04 15:50:00,5670.96,0.01,TRADE
QLD1,2024-09-04 15:55:00,5776.51,41.6,TRADE
QLD1,2024-09-04 16:00:00,5893.22,-5.43,TRADE
QLD1,2024-09-04 16:05:00,5928.61,-18.89,TRADE
QLD1,2024-09-04 16:10:00,5984.72,-18.89,TRADE
QLD1,2024-09-04 16:15:00,6073.16,18.71,TRADE
QLD1,2024-09-04 16:20:00,6026.46,-18.89,TRADE
QLD1,2024-09-04 16:25:00,6124.77,22.37,TRADE
QLD1,2024-09-04 16:30:00,6316.87,63.93,TRADE
QLD1,2024-09-04 16:35:00,6326.19,74.23,TRADE
QLD1,2024-09-04 16:40:00,6479.84,77.95,TRADE
QLD1,2024-09-04 16:45:00,6500.13,65.81,TRADE
QLD1,2024-09-04 16:50:00,6630.87,77.95,TRADE
QLD1,2024-09-04 16:55:00,6717.2,93.83,TRADE
QLD1,2024-09-04 17:00:00,6686.14,93.83,TRADE
QLD1,2024-09-04 17:05:00,6748.96,93.83,TRADE
QLD1,2024-09-04 17:10:00,6838.61,102.24,TRADE
QLD1,2024-09-04 17:15:00,6861.06,102.43,TRADE
QLD1,2024-09-04 17:20:00,6968.03,135.01,TRADE
QLD1,2024-09-04 17:25:00,7043.4,147.73,TRADE
QLD1,2024-09-04 17:30:00,7066.55,147.73,TRADE
QLD1,2024-09-04 17:35:00,7087.85,110.83,TRADE
QLD1,2024-09-04 17:40:00,7056.21,104.48,TRADE
QLD1,2024-09-04 17:45:00,7151.63,104.69,TRADE
QLD1,2024-09-04 17:50:00,7201.86,110.13,TRADE
QLD1,2024-09-04 17:55:00,7289.01,110.46,TRADE
QLD1,2024-09-04 18:00:00,7225.71,99.22,TRADE
QLD1,2024-09-04 18:05:00,7293.04,103.95,TRADE
QLD1,2024-09-04 18:10:00,7285.09,99.22,TRADE
QLD1,2024-09-04 18:15:00,7323.77,88.77,TRADE
QLD1,2024-09-04 18:20:00,7280.26,96.95,TRADE
QLD1,2024-09-04 18:25:00,7280.62,101.55,TRADE
QLD1,2024-09-04 18:30:00,7333.9,103.53,TRADE
QLD1,2024-09-04 18:35:00,7295.74,96.95,TRADE
QLD1,2024-09-04 18:40:00,7304.54,99.22,TRADE
QLD1,2024-09-04 18:45:00,7335.53,99.22,TRADE
QLD1,2024-09-04 18:50:00,7337.02,88.83,TRADE
QLD1,2024-09-04 18:55:00,7280.83,85.01,TRADE
QLD1,2024-09-04 19:00:00,7315.23,85.01,TRADE
QLD1,2024-09-04 19:05:00,7234.52,77.36,TRADE
QLD1,2024-09-04 19:10:00,7202.82,77.38,TRADE
QLD1,2024-09-04 19:15:00,7119.27,77.3,TRADE
QLD1,2024-09-04 19:20:00,7101.86,87.92,TRADE
QLD1,2024-09-04 19:25:00,7061.39,79.63,TRADE
QLD1,2024-09-04 19:30:00,7049.26,77.36,TRADE
QLD1,2024-09-04 19:35:00,7008.95,77.95,TRADE
QLD1,2024-09-04 19:40:00,6951.77,77.51,TRADE
QLD1,2024-09-04 19:45:00,6894.87,76.95,TRADE
QLD1,2024-09-04 19:50:00,6829.43,74.46,TRADE
QLD1,2024-09-04 19:55:00,6857.92,74.81,TRADE
QLD1,2024-09-04 20:00:00,6848.81,74.42,TRADE
QLD1,2024-09-04 20:05:00,6796.95,73.44,TRADE
QLD1,2024-09-04 20:10:00,6765,72.86,TRADE
QLD1,2024-09-04 20:15:00,6764.85,72.43,TRADE
QLD1,2024-09-04 20:20:00,6726,71.95,TRADE
QLD1,2024-09-04 20:25:00,6676.35,61.9,TRADE
QLD1,2024-09-04 20:30:00,6650.41,54.89,TRADE
QLD1,2024-09-04 20:35:00,6555.05,54.13,TRADE
QLD1,2024-09-04 20:40:00,6629.23,54.82,TRADE
QLD1,2024-09-04 20:45:00,6614.02,54.44,TRADE
QLD1,2024-09-04 20:50:00,6577.79,54.45,TRADE
QLD1,2024-09-04 20:55:00,6549.33,46.63,TRADE
QLD1,2024-09-04 21:00:00,6501.53,44.94,TRADE
QLD1,2024-09-04 21:05:00,6469.56,54.25,TRADE
QLD1,2024-09-04 21:10:00,6458.45,54.58,TRADE
QLD1,2024-09-04 21:15:00,6415.37,55.71,TRADE
QLD1,2024-09-04 21:20:00,6368.94,55.16,TRADE
QLD1,2024-09-04 21:25:00,6319.9,55.45,TRADE
QLD1,2024-09-04 21:30:00,6264.49,44.75,TRADE
QLD1,2024-09-04 21:35:00,6165.05,53.93,TRADE
QLD1,2024-09-04 21:40:00,6214.95,54.65,TRADE
QLD1,2024-09-04 21:45:00,6168.32,54.23,TRADE
QLD1,2024-09-04 21:50:00,6138.78,53.8,TRADE
QLD1,2024-09-04 21:55:00,6119.19,53.73,TRADE
QLD1,2024-09-04 22:00:00,6100.4,53.4,TRADE
QLD1,2024-09-04 22:05:00,5977.98,63.38,TRADE
QLD1,2024-09-04 22:10:00,5989.38,77.95,TRADE
QLD1,2024-09-04 22:15:00,6047.18,77.95,TRADE
QLD1,2024-09-04 22:20:00,6003.15,77.95,TRADE
QLD1,2024-09-04 22:25:00,5878.49,75.38,TRADE
QLD1,2024-09-04 22:30:00,5885.23,76.28,TRADE
QLD1,2024-09-04 22:35:00,5798.92,76.33,TRADE
QLD1,2024-09-04 22:40:00,5900.19,78.21,TRADE
QLD1,2024-09-04 22:45:00,5820.42,77.95,TRADE
QLD1,2024-09-04 22:50:00,5769.57,77.75,TRADE
QLD1,2024-09-04 22:55:00,5805.9,77.4,TRADE
QLD1,2024-09-04 23:00:00,5746.05,58.4,TRADE
QLD1,2024-09-04 23:05:00,5761.15,77.69,TRADE
QLD1,2024-09-04 23:10:00,5767.31,77.75,TRADE
QLD1,2024-09-04 23:15:00,5727.44,76.3,TRADE
QLD1,2024-09-04 23:20:00,5687.21,76.15,TRADE
QLD1,2024-09-04 23:25:00,5692.44,76.6,TRADE
QLD1,2024-09-04 23:30:00,5585.78,56.1,TRADE
QLD1,2024-09-04 23:35:00,5619.69,74.26,TRADE
QLD1,2024-09-04 23:40:00,5607.08,74.58,TRADE
QLD1,2024-09-04 23:45:00,5551.77,55.75,TRADE
QLD1,2024-09-04 23:50:00,5568.49,55.75,TRADE
QLD1,2024-09-04 23:55:00,5511.46,55.26,TRADE
QLD1,2024-09-05 00:00:00,5541.44,55.37,TRADE
QLD1,2024-09-05 00:05:00,5491.82,54.93,TRADE
QLD1,2024-09-05 00:10:00,5495.18,44.75,TRADE
QLD1,2024-09-05 00:15:00,5452.67,44.75,TRADE
QLD1,2024-09-05 00:20:00,5401.73,44.75,TRADE
QLD1,2024-09-05 00:25:00,5469.47,53.51,TRADE
QLD1,2024-09-05 00:30:00,5423.15,44.75,TRADE
QLD1,2024-09-05 00:35:00,5399.61,44.75,TRADE
QLD1,2024-09-05 00:40:00,5358.73,44.75,TRADE
QLD1,2024-09-05 00:45:00,5372.59,52.38,TRADE
QLD1,2024-09-05 00:50:00,5337.11,51.72,TRADE
QLD1,2024-09-05 00:55:00,5331.35,51.67,TRADE
QLD1,2024-09-05 01:00:00,5245.75,44.75,TRADE
QLD1,2024-09-05 01:05:00,5218.42,44.75,TRADE
QLD1,2024-09-05 01:10:00,5194.51,50.58,TRADE
QLD1,2024-09-05 01:15:00,5197.83,50.59,TRADE
QLD1,2024-09-05 01:20:00,5179.45,32.21,TRADE
QLD1,2024-09-05 01:25:00,5188.98,44.75,TRADE
QLD1,2024-09-05 01:30:00,5175.36,34.75,TRADE
QLD1,2024-09-05 01:35:00,5160.9,43.53,TRADE
QLD1,2024-09-05 01:40:00,5133.36,34.75,TRADE
QLD1,2024-09-05 01:45:00,5180.93,43.53,TRADE
QLD1,2024-09-05 01:50:00,5142.16,44.75,TRADE
QLD1,2024-09-05 01:55:00,5154.27,44.75,TRADE
QLD1,2024-09-05 02:00:00,5183.46,43.53,TRADE
QLD1,2024-09-05 02:05:00,5094.22,44.75,TRADE
QLD1,2024-09-05 02:10:00,5173.57,52.92,TRADE
QLD1,2024-09-05 02:15:00,5195.36,53.28,TRADE
QLD1,2024-09-05 02:20:00,5148.62,52.91,TRADE
QLD1,2024-09-05 02:25:00,5187.36,53.24,TRADE
QLD1,2024-09-05 02:30:00,5207.42,44.75,TRADE
QLD1,2024-09-05 02:35:00,5105.38,52.51,TRADE
QLD1,2024-09-05 02:40:00,5141.41,53.19,TRADE
QLD1,2024-09-05 02:45:00,5144.62,53.2,TRADE
QLD1,2024-09-05 02:50:00,5121.06,52.94,TRADE
QLD1,2024-09-05 02:55:00,5157.65,53.16,TRADE
QLD1,2024-09-05 03:00:00,5147.17,53.15,TRADE
QLD1,2024-09-05 03:05:00,5084.38,53.14,TRADE
QLD1,2024-09-05 03:10:00,5153.69,56.73,TRADE
QLD1,2024-09-05 03:15:00,5191.69,53.93,TRADE
QLD1,2024-09-05 03:20:00,5138.92,53.2,TRADE
QLD1,2024-09-05 03:25:00,5133.07,53.86,TRADE
QLD1,2024-09-05 03:30:00,5113,53.5,TRADE
QLD1,2024-09-05 03:35:00,5134.76,53.49,TRADE
QLD1,2024-09-05 03:40:00,5098.61,44.75,TRADE
QLD1,2024-09-05 03:45:00,5154.5,44.75,TRADE
QLD1,2024-09-05 03:50:00,5083.33,44.75,TRADE
QLD1,2024-09-05 03:55:00,5120.03,44.75,TRADE
QLD1,2024-09-05 04:00:00,5127.93,55.75,TRADE
QLD1,2024-09-05 04:05:00,5228.52,53.55,TRADE
QLD1,2024-09-05 04:10:00,5212.8,52.8,TRADE
QLD1,2024-09-05 04:15:00,5240.79,52.83,TRADE
QLD1,2024-09-05 04:20:00,5288.55,53.31,TRADE
QLD1,2024-09-05 04:25:00,5217.88,44.75,TRADE
QLD1,2024-09-05 04:30:00,5266.98,52.96,TRADE
QLD1,2024-09-05 04:35:00,5287.85,44.75,TRADE
QLD1,2024-09-05 04:40:00,5303.94,52.5,TRADE
QLD1,2024-09-05 04:45:00,5379.65,54.11,TRADE
QLD1,2024-09-05 04:50:00,5332.32,35.52,TRADE
QLD1,2024-09-05 04:55:00,5386.06,52.11,TRADE
QLD1,2024-09-05 05:00:00,5447.73,55.75,TRADE
QLD1,2024-09-05 05:05:00,5409.24,44.75,TRADE
QLD1,2024-09-05 05:10:00,5482.02,43.53,TRADE
QLD1,2024-09-05 05:15:00,5527.28,35.49,TRADE
QLD1,2024-09-05 05:20:00,5576.2,44.75,TRADE
QLD1,2024-09-05 05:25:00,5593.62,44.75,TRADE
QLD1,2024-09-05 05:30:00,5605.11,55.75,TRADE
QLD1,2024-09-05 05:35:00,5642.33,55.75,TRADE
QLD1,2024-09-05 05:40:00,5708.1,57.04,TRADE
QLD1,2024-09-05 05:45:00,5724.79,51.18,TRADE
QLD1,2024-09-05 05:50:00,5722.11,57.09,TRADE
QLD1,2024-09-05 05:55:00,5737.84,57.45,TRADE
QLD1,2024-09-05 06:00:00,5800.46,60.07,TRADE
QLD1,2024-09-05 06:05:00,5852.75,56.93,TRADE
QLD1,2024-09-05 06:10:00,5966.56,71.44,TRADE
QLD1,2024-09-05 06:15:00,5965.97,71.98,TRADE
QLD1,2024-09-05 06:20:00,6040.47,90.05,TRADE
QLD1,2024-09-05 06:25:00,6064.63,82.48,TRADE
QLD1,2024-09-05 06:30:00,6028.84,86.37,TRADE
QLD1,2024-09-05 06:35:00,6077.35,86.83,TRADE
QLD1,2024-09-05 06:40:00,5988.28,65,TRADE
QLD1,2024-09-05 06:45:00,6074.81,65.12,TRADE
QLD1,2024-09-05 06:50:00,6217.7,78.79,TRADE
QLD1,2024-09-05 06:55:00,6197.14,81.04,TRADE
QLD1,2024-09-05 07:00:00,6205.99,37.37,TRADE
QLD1,2024-09-05 07:05:00,6413.86,103.06,TRADE
QLD1,2024-09-05 07:10:00,6354.37,77.95,TRADE
QLD1,2024-09-05 07:15:00,6268.1,0.3,TRADE
QLD1,2024-09-05 07:20:00,6516.58,85.61,TRADE
QLD1,2024-09-05 07:25:00,6199.96,46.63,TRADE
QLD1,2024-09-05 07:30:00,6072.91,-18.89,TRADE
QLD1,2024-09-05 07:35:00,5961.25,10.64,TRADE
QLD1,2024-09-05 07:40:00,6000.03,44.75,TRADE
QLD1,2024-09-05 07:45:00,5901.27,-20.45,TRADE
QLD1,2024-09-05 07:50:00,5867.59,-22.36,TRADE
QLD1,2024-09-05 07:55:00,5602.15,-34.89,TRADE
QLD1,2024-09-05 08:00:00,5749.35,-18.89,TRADE
QLD1,2024-09-05 08:05:00,5735.42,-18.89,TRADE
QLD1,2024-09-05 08:10:00,5864.08,34.75,TRADE
QLD1,2024-09-05 08:15:00,5860.95,-10,TRADE
QLD1,2024-09-05 08:20:00,5751.38,-18.89,TRADE
QLD1,2024-09-05 08:25:00,5709.87,-18.89,TRADE
QLD1,2024-09-05 08:30:00,5641.99,-18.89,TRADE
QLD1,2024-09-05 08:35:00,5589.53,-34.89,TRADE
QLD1,2024-09-05 08:40:00,5544.53,-34.19,TRADE
QLD1,2024-09-05 08:45:00,5510.34,-35.64,TRADE
QLD1,2024-09-05 08:50:00,5392.81,-36.56,TRADE
QLD1,2024-09-05 08:55:00,5377.97,-39.13,TRADE
QLD1,2024-09-05 09:00:00,5390.95,-40,TRADE
QLD1,2024-09-05 09:05:00,5257.1,-40,TRADE
QLD1,2024-09-05 09:10:00,5199.3,-41.6,TRADE
QLD1,2024-09-05 09:15:00,5161.46,-41.6,TRADE
QLD1,2024-09-05 09:20:00,5095.04,-41.6,TRADE
QLD1,2024-09-05 09:25:00,5051.31,-41.6,TRADE
QLD1,2024-09-05 09:30:00,5019.15,-42.9,TRADE
QLD1,2024-09-05 09:35:00,4997.5,-41.6,TRADE
QLD1,2024-09-05 09:40:00,4901.9,-42.76,TRADE
QLD1,2024-09-05 09:45:00,4916.23,-42.43,TRADE
QLD1,2024-09-05 09:50:00,4842.07,-45.06,TRADE
QLD1,2024-09-05 09:55:00,4798.29,-45.01,TRADE
QLD1,2024-09-05 10:00:00,4786.19,-45.01,TRADE
QLD1,2024-09-05 10:05:00,4786.29,-45.01,TRADE
QLD1,2024-09-05 10:10:00,4819.44,-41.98,TRADE
QLD1,2024-09-05 10:15:00,4722.96,-45.01,TRADE
QLD1,2024-09-05 10:20:00,4616.36,-45.92,TRADE
QLD1,2024-09-05 10:25:00,4667.26,-45.06,TRADE
QLD1,2024-09-05 10:30:00,4717.06,-45.01,TRADE
QLD1,2024-09-05 10:35:00,4720.64,-42.09,TRADE
QLD1,2024-09-05 10:40:00,4698,-42.31,TRADE
QLD1,2024-09-05 10:45:00,4799.91,-42.44,TRADE
QLD1,2024-09-05 10:50:00,4742.17,-44.91,TRADE
QLD1,2024-09-05 10:55:00,4880.67,-45.01,TRADE
QLD1,2024-09-05 11:00:00,4975.46,-44.1,TRADE
QLD1,2024-09-05 11:05:00,4918.24,-43.1,TRADE
QLD1,2024-09-05 11:10:00,5036.31,-41.6,TRADE
QLD1,2024-09-05 11:15:00,5067.26,-36.56,TRADE
QLD1,2024-09-05 11:20:00,5001.41,-45.01,TRADE
QLD1,2024-09-05 11:25:00,5117.59,-34.89,TRADE
QLD1,2024-09-05 11:30:00,4995.14,-41.6,TRADE
QLD1,2024-09-05 11:35:00,4929.05,-43.68,TRADE
QLD1,2024-09-05 11:40:00,4895.95,-41.6,TRADE
QLD1,2024-09-05 11:45:00,4813.78,-44.62,TRADE
QLD1,2024-09-05 11:50:00,4775.21,-45.06,TRADE
QLD1,2024-09-05 11:55:00,4724.97,-45.06,TRADE
QLD1,2024-09-05 12:00:00,4759.78,-45.01,TRADE
QLD1,2024-09-05 12:05:00,4667.98,-45.01,TRADE
QLD1,2024-09-05 12:10:00,4689.42,-45.01,TRADE
QLD1,2024-09-05 12:15:00,4611.8,-45.11,TRADE
QLD1,2024-09-05 12:20:00,4579.52,-45.11,TRADE
QLD1,2024-09-05 12:25:00,4547.99,-46.02,TRADE
QLD1,2024-09-05 12:30:00,4529.43,-45.11,TRADE
QLD1,2024-09-05 12:35:00,4443.8,-46.08,TRADE
QLD1,2024-09-05 12:40:00,4391.66,-46.08,TRADE
QLD1,2024-09-05 12:45:00,4372.77,-46.08,TRADE
QLD1,2024-09-05 12:50:00,4379.94,-46.74,TRADE
QLD1,2024-09-05 12:55:00,4411.98,-46.74,TRADE
QLD1,2024-09-05 13:00:00,4378.3,-47.1,TRADE
QLD1,2024-09-05 13:05:00,4311.6,-47.1,TRADE
QLD1,2024-09-05 13:10:00,4288.83,-46.74,TRADE
QLD1,2024-09-05 13:15:00,4303.78,-46.74,TRADE
QLD1,2024-09-05 13:20:00,4274.79,-46.74,TRADE
QLD1,2024-09-05 13:25:00,4303.01,-46.74,TRADE
QLD1,2024-09-05 13:30:00,4303.01,-46.74,TRADE
QLD1,2024-09-05 13:35:00,4303.01,-46.74,TRADE
QLD1,2024-09-05 13:40:00,4303.01,-46.74,TRADE
QLD1,2024-09-05 13:45:00,4303.01,-46.74,TRADE
QLD1,2024-09-05 13:50:00,4303.01,-46.74,TRADE
QLD1,2024-09-05 13:55:00,4303.01,-46.74,TRADE
QLD1,2024-09-05 14:00:00,4303.01,-46.74,TRADE
QLD1,2024-09-05 14:05:00,4303.01,-46.74,TRADE
QLD1,2024-09-05 14:10:00,4303.01,-46.74,TRADE
QLD1,2024-09-05 14:15:00,4307.46,-46.08,TRADE
QLD1,2024-09-05 14:20:00,4403.48,-45.11,TRADE
QLD1,2024-09-05 14:25:00,4439.08,-45.11,TRADE
QLD1,2024-09-05 14:30:00,4471.48,-46.02,TRADE
QLD1,2024-09-05 14:35:00,4482.14,-46.08,TRADE
QLD1,2024-09-05 14:40:00,4510.95,-45.06,TRADE
QLD1,2024-09-05 14:45:00,4594.99,-46.1,TRADE
QLD1,2024-09-05 14:50:00,4639.86,-45.11,TRADE
QLD1,2024-09-05 14:55:00,4722.66,-46.74,TRADE
QLD1,2024-09-05 15:00:00,4819.67,-46.08,TRADE
QLD1,2024-09-05 15:05:00,4816.8,-46.08,TRADE
QLD1,2024-09-05 15:10:00,4917.91,-45.11,TRADE
QLD1,2024-09-05 15:15:00,5081.4,-32.51,TRADE
QLD1,2024-09-05 15:20:00,5028.1,-17.81,TRADE
QLD1,2024-09-05 15:25:00,5061.03,-18.89,TRADE
QLD1,2024-09-05 15:30:00,5236.38,-16.7,TRADE
QLD1,2024-09-05 15:35:00,5288.48,-18.89,TRADE
QLD1,2024-09-05 15:40:00,5367.41,-18.89,TRADE
QLD1,2024-09-05 15:45:00,5509.94,-17.45,TRADE
QLD1,2024-09-05 15:50:00,5584.17,-0.42,TRADE
QLD1,2024-09-05 15:55:00,5595.01,-2.08,TRADE
QLD1,2024-09-05 16:00:00,5684.75,-0.88,TRADE
QLD1,2024-09-05 16:05:00,5730.79,-8.14,TRADE
QLD1,2024-09-05 16:10:00,5834.06,-0.66,TRADE
QLD1,2024-09-05 16:15:00,5894.12,-10.49,TRADE
QLD1,2024-09-05 16:20:00,5992.98,-2.18,TRADE
QLD1,2024-09-05 16:25:00,6116.38,-0.38,TRADE
QLD1,2024-09-05 16:30:00,6238.34,34.75,TRADE
QLD1,2024-09-05 16:35:00,6208.68,-0.52,TRADE
QLD1,2024-09-05 16:40:00,6357.73,10.43,TRADE
QLD1,2024-09-05 16:45:00,6426.56,34.75,TRADE
QLD1,2024-09-05 16:50:00,6513.91,44.94,TRADE
QLD1,2024-09-05 16:55:00,6580.5,62.5,TRADE
QLD1,2024-09-05 17:00:00,6658.05,72.28,TRADE
QLD1,2024-09-05 17:05:00,6787.34,60.82,TRADE
QLD1,2024-09-05 17:10:00,6773.25,55.75,TRADE
QLD1,2024-09-05 17:15:00,6889.76,60.92,TRADE
QLD1,2024-09-05 17:20:00,6933.5,77.95,TRADE
QLD1,2024-09-05 17:25:00,7073.3,93.09,TRADE
QLD1,2024-09-05 17:30:00,7098.6,94.66,TRADE
QLD1,2024-09-05 17:35:00,7089.61,96.95,TRADE
QLD1,2024-09-05 17:40:00,7085.21,92.34,TRADE
QLD1,2024-09-05 17:45:00,7146.61,141.77,TRADE
QLD1,2024-09-05 17:50:00,7174.82,107.41,TRADE
QLD1,2024-09-05 17:55:00,7238.13,107.61,TRADE
QLD1,2024-09-05 18:00:00,7313.95,104.4,TRADE
QLD1,2024-09-05 18:05:00,7339.85,96.95,TRADE
QLD1,2024-09-05 18:10:00,7368.32,94.56,TRADE
QLD1,2024-09-05 18:15:00,7364.95,92.37,TRADE
QLD1,2024-09-05 18:20:00,7300.76,93.83,TRADE
QLD1,2024-09-05 18:25:00,7385.7,108.34,TRADE
QLD1,2024-09-05 18:30:00,7397.42,103.7,TRADE
QLD1,2024-09-05 18:35:00,7392.65,104.84,TRADE
QLD1,2024-09-05 18:40:00,7350.14,93.83,TRADE
QLD1,2024-09-05 18:45:00,7340.51,89.01,TRADE
QLD1,2024-09-05 18:50:00,7426.87,93.31,TRADE
QLD1,2024-09-05 18:55:00,7290.76,92.36,TRADE
QLD1,2024-09-05 19:00:00,7280.72,93.46,TRADE
QLD1,2024-09-05 19:05:00,7241.29,93.52,TRADE
QLD1,2024-09-05 19:10:00,7221.06,91.47,TRADE
QLD1,2024-09-05 19:15:00,7242.98,91.4,TRADE
QLD1,2024-09-05 19:20:00,7166.74,87.97,TRADE
QLD1,2024-09-05 19:25:00,7148.48,77.95,TRADE
QLD1,2024-09-05 19:30:00,7126.53,80.99,TRADE
QLD1,2024-09-05 19:35:00,7202.33,93.83,TRADE
QLD1,2024-09-05 19:40:00,7050.46,89.3,TRADE
QLD1,2024-09-05 19:45:00,7018.21,93.88,TRADE
QLD1,2024-09-05 19:50:00,6955.61,83.17,TRADE
QLD1,2024-09-05 19:55:00,6952.84,78.57,TRADE
QLD1,2024-09-05 20:00:00,6958.68,82.34,TRADE
QLD1,2024-09-05 20:05:00,6881.58,77.95,TRADE
QLD1,2024-09-05 20:10:00,6848.79,77.96,TRADE
QLD1,2024-09-05 20:15:00,6823.02,78.53,TRADE
QLD1,2024-09-05 20:20:00,6760.44,72.97,TRADE
QLD1,2024-09-05 20:25:00,6787.43,77.95,TRADE
QLD1,2024-09-05 20:30:00,6737.92,73.38,TRADE
QLD1,2024-09-05 20:35:00,6706.74,73.3,TRADE
QLD1,2024-09-05 20:40:00,6694.62,74.2,TRADE
QLD1,2024-09-05 20:45:00,6756.73,74.79,TRADE
QLD1,2024-09-05 20:50:00,6594.1,58.85,TRADE
QLD1,2024-09-05 20:55:00,6595.87,58.83,TRADE
QLD1,2024-09-05 21:00:00,6548.04,67.82,TRADE
QLD1,2024-09-05 21:05:00,6545.48,69.44,TRADE
QLD1,2024-09-05 21:10:00,6543.65,75.21,TRADE
QLD1,2024-09-05 21:15:00,6461.05,74.66,TRADE
QLD1,2024-09-05 21:20:00,6403.56,59.87,TRADE
QLD1,2024-09-05 21:25:00,6399.54,68.78,TRADE
QLD1,2024-09-05 21:30:00,6427.19,55.75,TRADE
QLD1,2024-09-05 21:35:00,6317.54,59.29,TRADE
QLD1,2024-09-05 21:40:00,6281.02,67.72,TRADE
QLD1,2024-09-05 21:45:00,6217.71,58.94,TRADE
QLD1,2024-09-05 21:50:00,6262.86,73.29,TRADE
QLD1,2024-09-05 21:55:00,6180.91,44.94,TRADE
QLD1,2024-09-05 22:00:00,6178.31,44.94,TRADE
QLD1,2024-09-05 22:05:00,6069.94,77.75,TRADE
QLD1,2024-09-05 22:10:00,6114.65,96.75,TRADE
QLD1,2024-09-05 22:15:00,6235.9,96.75,TRADE
QLD1,2024-09-05 22:20:00,6159.68,103.06,TRADE
QLD1,2024-09-05 22:25:00,6059.57,96.75,TRADE
QLD1,2024-09-05 22:30:00,5996.54,77.95,TRADE
QLD1,2024-09-05 22:35:00,6000.72,96.75,TRADE
QLD1,2024-09-05 22:40:00,5962.87,92.76,TRADE
QLD1,2024-09-05 22:45:00,5971.5,82.31,TRADE
QLD1,2024-09-05 22:50:00,5977.55,80.49,TRADE
QLD1,2024-09-05 22:55:00,5974.06,82.35,TRADE
QLD1,2024-09-05 23:00:00,5893.66,77.95,TRADE
QLD1,2024-09-05 23:05:00,5903.29,80.65,TRADE
QLD1,2024-09-05 23:10:00,5932.35,81.61,TRADE
QLD1,2024-09-05 23:15:00,5873.87,77.95,TRADE
QLD1,2024-09-05 23:20:00,5841.17,77.95,TRADE
QLD1,2024-09-05 23:25:00,5757.11,73.31,TRADE
QLD1,2024-09-05 23:30:00,5741.5,72.83,TRADE
QLD1,2024-09-05 23:35:00,5694.82,70.95,TRADE
QLD1,2024-09-05 23:40:00,5673.21,77.75,TRADE
QLD1,2024-09-05 23:45:00,5631.11,77.16,TRADE
QLD1,2024-09-05 23:50:00,5646.83,77.26,TRADE
QLD1,2024-09-05 23:55:00,5611.96,57.69,TRADE
QLD1,2024-09-06 00:00:00,5580.84,70.41,TRADE
